-- phpMyAdmin SQL Dump
-- version 4.8.5
-- https://www.phpmyadmin.net/
--
-- Хост: 127.0.0.1:3306
-- Время создания: Сен 16 2020 г., 08:14
-- Версия сервера: 5.7.25
-- Версия PHP: 7.3.2

SET SQL_MODE = "NO_AUTO_VALUE_ON_ZERO";
SET AUTOCOMMIT = 0;
START TRANSACTION;
SET time_zone = "+00:00";


/*!40101 SET @OLD_CHARACTER_SET_CLIENT=@@CHARACTER_SET_CLIENT */;
/*!40101 SET @OLD_CHARACTER_SET_RESULTS=@@CHARACTER_SET_RESULTS */;
/*!40101 SET @OLD_COLLATION_CONNECTION=@@COLLATION_CONNECTION */;
/*!40101 SET NAMES utf8mb4 */;

--
-- База данных: `my-shop`
--

-- --------------------------------------------------------

--
-- Структура таблицы `categories`
--

CREATE TABLE `categories` (
  `id` bigint(20) UNSIGNED NOT NULL,
  `name` varchar(64) COLLATE utf8mb4_unicode_ci NOT NULL,
  `slug` varchar(128) COLLATE utf8mb4_unicode_ci NOT NULL,
  `img` varchar(128) COLLATE utf8mb4_unicode_ci DEFAULT NULL,
  `created_at` timestamp NULL DEFAULT NULL,
  `updated_at` timestamp NULL DEFAULT NULL
) ENGINE=InnoDB DEFAULT CHARSET=utf8mb4 COLLATE=utf8mb4_unicode_ci;

--
-- Дамп данных таблицы `categories`
--

INSERT INTO `categories` (`id`, `name`, `slug`, `img`, `created_at`, `updated_at`) VALUES
(31, 'sed tempora doloremque', 'sed-tempora-doloremque', 'https://loremflickr.com/320/240', '2020-09-12 08:33:25', '2020-09-12 08:33:25'),
(32, 'officia laudantium ullam', 'officia-laudantium-ullam', 'https://loremflickr.com/320/240', '2020-09-12 08:33:25', '2020-09-12 08:33:25'),
(33, 'iusto porro hic', 'iusto-porro-hic', 'https://loremflickr.com/320/240', '2020-09-12 08:33:25', '2020-09-12 08:33:25');

-- --------------------------------------------------------

--
-- Структура таблицы `failed_jobs`
--

CREATE TABLE `failed_jobs` (
  `id` bigint(20) UNSIGNED NOT NULL,
  `connection` text COLLATE utf8mb4_unicode_ci NOT NULL,
  `queue` text COLLATE utf8mb4_unicode_ci NOT NULL,
  `payload` longtext COLLATE utf8mb4_unicode_ci NOT NULL,
  `exception` longtext COLLATE utf8mb4_unicode_ci NOT NULL,
  `failed_at` timestamp NOT NULL DEFAULT CURRENT_TIMESTAMP
) ENGINE=InnoDB DEFAULT CHARSET=utf8mb4 COLLATE=utf8mb4_unicode_ci;

-- --------------------------------------------------------

--
-- Структура таблицы `migrations`
--

CREATE TABLE `migrations` (
  `id` int(10) UNSIGNED NOT NULL,
  `migration` varchar(255) COLLATE utf8mb4_unicode_ci NOT NULL,
  `batch` int(11) NOT NULL
) ENGINE=InnoDB DEFAULT CHARSET=utf8mb4 COLLATE=utf8mb4_unicode_ci;

--
-- Дамп данных таблицы `migrations`
--

INSERT INTO `migrations` (`id`, `migration`, `batch`) VALUES
(33, '2020_07_11_125319_create_reviews_table', 2),
(40, '2020_07_12_154613_create_reviews_table', 3),
(58, '2020_07_12_161005_create_reviews_table', 4),
(60, '2014_10_12_000000_create_users_table', 5),
(61, '2019_08_19_000000_create_failed_jobs_table', 5),
(62, '2020_07_01_160259_create_categories_table', 5),
(63, '2020_07_01_190716_create_products_table', 5),
(64, '2020_07_02_193826_create_someones_table', 5),
(65, '2020_07_13_152931_create_reviews_table', 5),
(66, '2014_10_12_100000_create_password_resets_table', 6),
(67, '2020_07_26_201613_add_role_users', 6),
(68, '2020_07_26_202702_add_views_count', 7),
(69, '2020_07_26_203129_create_votes', 8),
(70, '2020_07_27_163338_add_views_count', 8),
(71, '2020_09_01_081740_create_orders_table', 9),
(72, '2020_09_01_081959_create_order_items_table', 9);

-- --------------------------------------------------------

--
-- Структура таблицы `orders`
--

CREATE TABLE `orders` (
  `id` bigint(20) UNSIGNED NOT NULL,
  `user_id` bigint(20) UNSIGNED NOT NULL,
  `total_sum` double(8,2) NOT NULL,
  `created_at` timestamp NULL DEFAULT NULL,
  `updated_at` timestamp NULL DEFAULT NULL
) ENGINE=InnoDB DEFAULT CHARSET=utf8mb4 COLLATE=utf8mb4_unicode_ci;

--
-- Дамп данных таблицы `orders`
--

INSERT INTO `orders` (`id`, `user_id`, `total_sum`, `created_at`, `updated_at`) VALUES
(1, 11, 270.09, '2020-09-01 14:44:25', '2020-09-01 14:44:25'),
(2, 11, 270.09, '2020-09-01 14:47:05', '2020-09-01 14:47:05'),
(3, 11, 270.09, '2020-09-01 14:48:08', '2020-09-01 14:48:08');

-- --------------------------------------------------------

--
-- Структура таблицы `order_items`
--

CREATE TABLE `order_items` (
  `id` bigint(20) UNSIGNED NOT NULL,
  `name` varchar(255) COLLATE utf8mb4_unicode_ci NOT NULL,
  `qty` int(11) NOT NULL,
  `img` varchar(255) COLLATE utf8mb4_unicode_ci NOT NULL,
  `price` double(8,2) NOT NULL,
  `order_id` bigint(20) UNSIGNED NOT NULL,
  `created_at` timestamp NULL DEFAULT NULL,
  `updated_at` timestamp NULL DEFAULT NULL
) ENGINE=InnoDB DEFAULT CHARSET=utf8mb4 COLLATE=utf8mb4_unicode_ci;

--
-- Дамп данных таблицы `order_items`
--

INSERT INTO `order_items` (`id`, `name`, `qty`, `img`, `price`, `order_id`, `created_at`, `updated_at`) VALUES
(1, 'amet ut quae', 3, 'https://loremflickr.com/320/240', 90.03, 1, '2020-09-01 14:44:25', '2020-09-01 14:44:25'),
(2, 'amet ut quae', 3, 'https://loremflickr.com/320/240', 90.03, 2, '2020-09-01 14:47:05', '2020-09-01 14:47:05'),
(3, 'amet ut quae', 3, 'https://loremflickr.com/320/240', 90.03, 3, '2020-09-01 14:48:08', '2020-09-01 14:48:08');

-- --------------------------------------------------------

--
-- Структура таблицы `password_resets`
--

CREATE TABLE `password_resets` (
  `email` varchar(255) COLLATE utf8mb4_unicode_ci NOT NULL,
  `token` varchar(255) COLLATE utf8mb4_unicode_ci NOT NULL,
  `created_at` timestamp NULL DEFAULT NULL
) ENGINE=InnoDB DEFAULT CHARSET=utf8mb4 COLLATE=utf8mb4_unicode_ci;

-- --------------------------------------------------------

--
-- Структура таблицы `products`
--

CREATE TABLE `products` (
  `id` bigint(20) UNSIGNED NOT NULL,
  `name` varchar(128) COLLATE utf8mb4_unicode_ci NOT NULL,
  `slug` varchar(200) COLLATE utf8mb4_unicode_ci NOT NULL,
  `img` varchar(128) COLLATE utf8mb4_unicode_ci DEFAULT NULL,
  `price` double(8,2) DEFAULT NULL,
  `year` bigint(10) DEFAULT NULL,
  `odometr` int(10) DEFAULT NULL,
  `engine` varchar(128) COLLATE utf8mb4_unicode_ci NOT NULL,
  `transmission` varchar(128) COLLATE utf8mb4_unicode_ci NOT NULL,
  `description` text COLLATE utf8mb4_unicode_ci,
  `recommended` tinyint(1) NOT NULL DEFAULT '0',
  `category_id` bigint(20) UNSIGNED DEFAULT NULL,
  `created_at` timestamp NULL DEFAULT NULL,
  `updated_at` timestamp NULL DEFAULT NULL,
  `views_count` int(11) NOT NULL DEFAULT '0'
) ENGINE=InnoDB DEFAULT CHARSET=utf8mb4 COLLATE=utf8mb4_unicode_ci;

--
-- Дамп данных таблицы `products`
--

INSERT INTO `products` (`id`, `name`, `slug`, `img`, `price`, `year`, `odometr`, `engine`, `transmission`, `description`, `recommended`, `category_id`, `created_at`, `updated_at`, `views_count`) VALUES
(801, 'tempore ut voluptatum', 'tempore-ut-voluptatum', 'https://loremflickr.com/320/240', 96.10, 2006, 76331, 'gas', '4WD', 'Corrupti reprehenderit sit hic eum consequatur enim eos itaque. Id ab magni voluptatem laboriosam consequatur molestiae voluptates. At voluptate amet ullam enim id optio. Voluptas sapiente magnam aut repudiandae.\n\nDucimus saepe sit vel sed. Aut optio quis dolores. Repellat quo unde voluptatem molestiae.\n\nRatione eligendi saepe voluptatum provident temporibus. Et fugiat provident animi eos quia illo voluptatem unde. Occaecati quis voluptate consequatur et.', 1, 31, '2020-09-12 08:33:25', '2020-09-12 08:33:25', 0),
(802, 'consectetur autem qui', 'consectetur-autem-qui', 'https://loremflickr.com/320/240', 1.02, 1995, 117812, 'diesel', '2WD', 'Aut iusto qui aliquid aut soluta nulla quis. Voluptatum enim est architecto nihil aut. Laudantium nostrum omnis molestiae.\n\nVoluptatum blanditiis dignissimos qui recusandae. Sit qui qui qui error veritatis. Alias minima dignissimos vel qui. Blanditiis rerum eius quibusdam pariatur.\n\nDolores quia aperiam natus placeat vel quod. Aut id non libero recusandae repudiandae eum praesentium. Blanditiis quia eveniet accusantium sit in iure mollitia. Nam qui quibusdam cupiditate quisquam ratione accusantium similique.', 1, 31, '2020-09-12 08:33:25', '2020-09-12 08:33:25', 0),
(803, 'dolores qui quis', 'dolores-qui-quis', 'https://loremflickr.com/320/240', 73.94, 1970, 73873, 'diesel', '2WD', 'Non maxime molestias similique quia modi. Omnis quia ut fugit dolor iusto aut. Perspiciatis libero sit delectus iusto minima.\n\nPerferendis nisi ducimus voluptate quis minus. Autem soluta laborum reprehenderit adipisci nihil eos.\n\nIllum sed rerum fugiat nesciunt quia. Voluptates id qui et expedita ratione sed. Sint magnam consequatur rem error odio minima. In qui deserunt et recusandae sint voluptatum id.', 0, 31, '2020-09-12 08:33:26', '2020-09-12 08:33:26', 0),
(804, 'nesciunt ut qui', 'nesciunt-ut-qui', 'https://loremflickr.com/320/240', 45.82, 1970, 151189, 'diesel', '4WD', 'Voluptatum ut saepe eligendi et dolor id doloremque. Et distinctio excepturi magni voluptatum. Vel qui ut distinctio laborum beatae corporis cumque.\n\nAccusantium id nisi nulla maxime iusto beatae. Sint qui quidem optio consequatur necessitatibus amet. Libero sint qui aliquam quo quaerat distinctio. Et et omnis ratione ab sunt necessitatibus tenetur.\n\nOmnis aut fuga doloribus et repudiandae aut sit. Quidem perspiciatis qui est corrupti. Sunt iusto quia molestias repellendus rerum repellendus. Voluptas laborum fuga reiciendis placeat.', 0, 31, '2020-09-12 08:33:26', '2020-09-12 08:33:26', 0),
(805, 'ipsa et ipsum', 'ipsa-et-ipsum', 'https://loremflickr.com/320/240', 29.40, 2011, 168966, 'diesel', '2WD', 'Sint sapiente quis nobis. Eos voluptatem ea est molestiae eum. Assumenda ipsa dolore nam quis odit recusandae molestiae. Rerum eligendi asperiores ut et ullam qui delectus.\n\nDicta nemo molestias voluptates quia reiciendis et. Quos voluptatem officia ut dignissimos eum est. Vero fugiat ea at ut incidunt.\n\nItaque odio doloremque illo reprehenderit eum odio. Facere facere debitis enim nisi saepe illum ducimus. Eum nihil qui ipsam.', 0, 33, '2020-09-12 08:33:26', '2020-09-12 08:33:26', 0),
(806, 'iste eveniet ratione', 'iste-eveniet-ratione', 'https://loremflickr.com/320/240', 82.92, 2000, 87450, 'diesel', '2WD', 'Saepe animi fugiat veniam quidem culpa. Omnis et dolores est ut voluptas aut.\n\nAutem dolores fugiat rerum laboriosam dolorum. Ratione ut aut et vel delectus non et minima. Nam vel sint voluptatem. Sequi aut neque aspernatur modi provident.\n\nFugit ut quae et. Sed labore voluptas soluta maiores. Sed asperiores aut placeat cupiditate aliquam illo.', 1, 31, '2020-09-12 08:33:26', '2020-09-12 08:33:26', 0),
(807, 'illum nihil et', 'illum-nihil-et', 'https://loremflickr.com/320/240', 6.41, 1970, 194381, 'diesel', '4WD', 'Sequi ut exercitationem quo et. Voluptas sit totam iusto harum. Sunt quis voluptas ducimus fugiat.\n\nQuaerat perspiciatis ut minima. Expedita perspiciatis saepe quaerat inventore in et. Aut alias consequatur ut dicta eveniet esse earum.\n\nRepellat quae sapiente eos sunt assumenda tempore quia. In cum doloremque est omnis dolores. Ipsa et autem laudantium non deserunt quibusdam hic.', 1, 31, '2020-09-12 08:33:26', '2020-09-12 08:33:26', 0),
(808, 'molestias minus laboriosam', 'molestias-minus-laboriosam', 'https://loremflickr.com/320/240', 35.54, 1982, 65296, 'diesel', '2WD', 'Odit officia ea id vitae adipisci maxime veniam. Autem veniam repudiandae sit minima. Enim voluptas est ut mollitia beatae hic.\n\nOccaecati pariatur qui iste non impedit. Hic dolorem et cum ipsam delectus inventore modi. Harum id assumenda amet quasi quos. Ipsam laudantium sit quaerat quo ducimus blanditiis.\n\nUnde tempore non repellat voluptas suscipit cupiditate. Reiciendis amet facilis facere ut in laudantium. Odit illo quas est iure iure quod. Ut eos omnis ea ducimus.', 0, 32, '2020-09-12 08:33:26', '2020-09-12 08:33:26', 0),
(809, 'animi et ad', 'animi-et-ad', 'https://loremflickr.com/320/240', 86.76, 2009, 137213, 'gas', '2WD', 'Dolores eum tempore modi sit animi aliquam. Blanditiis voluptates aut et et. Dolorem dolor numquam qui odio.\n\nTotam magni quia cupiditate ullam corrupti. Nesciunt adipisci explicabo soluta ipsam. Distinctio qui eos aut laboriosam aut omnis. Et fuga rerum officiis nostrum explicabo. Aut harum vel ea eveniet et laborum ut.\n\nEst et quis accusamus est ut. Vero dolor sequi quibusdam sed facere tempore.', 0, 32, '2020-09-12 08:33:26', '2020-09-12 08:33:26', 0),
(810, 'molestiae consequatur ea', 'molestiae-consequatur-ea', 'https://loremflickr.com/320/240', 72.76, 2005, 117220, 'diesel', '2WD', 'Ducimus pariatur quae et molestias recusandae rem. Nam non ipsam maxime inventore qui. Autem illo non ut sed illo. Ut excepturi quam optio et ut.\n\nEveniet accusamus earum officia doloribus. Dolorem delectus dolore id. Pariatur voluptate minima sint omnis quibusdam vel aliquid. Eveniet provident est atque veritatis et.\n\nQuia placeat explicabo corporis qui. In veniam accusamus sed quia. Vitae in optio voluptatem perferendis rerum. Est qui quidem nihil aut dolorem soluta ut aspernatur.', 1, 33, '2020-09-12 08:33:26', '2020-09-12 08:33:26', 0),
(811, 'beatae quis dolores', 'beatae-quis-dolores', 'https://loremflickr.com/320/240', 93.67, 1992, 60834, 'gas', '2WD', 'Ut in tenetur ut nemo deleniti libero ut illo. Rerum excepturi aut quasi est. Sequi exercitationem aut rerum et rerum.\n\nSapiente accusamus possimus aliquam ea id reiciendis. Ut est tempore minima nam. Dolorum ullam ut incidunt non illum et quasi dolor. Voluptas laboriosam quod et accusantium eum.\n\nAutem repellat a nesciunt incidunt enim vero. Ea explicabo molestiae quis optio ipsum aut eius vel. Delectus quia similique dicta consequatur quia velit aut.', 1, 31, '2020-09-12 08:33:26', '2020-09-12 08:33:26', 0),
(812, 'ut deleniti ab', 'ut-deleniti-ab', 'https://loremflickr.com/320/240', 34.49, 1994, 151104, 'diesel', '2WD', 'Sunt voluptatem laudantium iure necessitatibus deserunt qui. Sed qui fugit dolores voluptates. Provident nobis excepturi qui libero eum quia. Qui quis temporibus veritatis ipsum recusandae.\n\nMinus id odio rerum facere delectus. Quo dolor voluptatum hic illo similique. Eveniet ut similique occaecati molestiae ut animi deleniti. Et deserunt aut numquam itaque et aut earum commodi. Dolorem illum cupiditate sunt labore quod inventore accusamus nisi.\n\nFacilis fugit excepturi maiores ad expedita enim. Autem quaerat ut sunt nihil dolor necessitatibus. Eveniet tenetur et eligendi aut cumque assumenda.', 1, 31, '2020-09-12 08:33:26', '2020-09-12 08:33:26', 0),
(813, 'eum tenetur consequuntur', 'eum-tenetur-consequuntur', 'https://loremflickr.com/320/240', 33.56, 1972, 44149, 'diesel', '4WD', 'Libero cumque dicta molestiae praesentium vero est. Ut ut soluta sit id incidunt dolorum rem dolores. Esse autem eligendi quas culpa dolor quia.\n\nExercitationem eius molestias dolor officiis. Aspernatur officiis asperiores inventore pariatur aliquid ut.\n\nIpsam iure corrupti facilis dolores quae aut. Incidunt veniam et laborum corrupti fuga. Est tempore nemo reiciendis quo.', 0, 33, '2020-09-12 08:33:26', '2020-09-12 08:33:26', 0),
(814, 'vitae enim non', 'vitae-enim-non', 'https://loremflickr.com/320/240', 21.84, 2014, 38532, 'diesel', '2WD', 'Laudantium repudiandae nulla maxime qui ab distinctio. Animi temporibus id inventore eligendi. Dolores dolore vel amet.\n\nVitae cumque est dicta inventore eligendi officia nobis. Quis sit quia ullam quis. Pariatur qui consectetur eaque expedita et consequatur porro aut. Fugiat beatae debitis veritatis assumenda.\n\nVoluptas minus quo optio consequatur voluptatibus adipisci. Doloremque dolor dolor laudantium sed non esse similique. Veniam ducimus optio laudantium id quia itaque.', 1, 31, '2020-09-12 08:33:26', '2020-09-12 08:33:26', 0),
(815, 'ea labore asperiores', 'ea-labore-asperiores', 'https://loremflickr.com/320/240', 21.76, 2007, 198056, 'gas', '2WD', 'Et dolorum quis dolorum dicta libero. Ut ut odit repudiandae ratione.\n\nVoluptatem eos expedita et sed reprehenderit eius et. Quia officiis reprehenderit incidunt cum est. Aliquid sed eos aut aliquam nostrum atque. Earum voluptatum perspiciatis aut natus cumque aperiam autem enim.\n\nVel officia adipisci quas explicabo consectetur repellendus velit. Architecto quia et vel distinctio. Dolorum inventore quia enim quia magni quidem.', 0, 32, '2020-09-12 08:33:26', '2020-09-12 08:33:26', 0),
(816, 'consequuntur ratione culpa', 'consequuntur-ratione-culpa', 'https://loremflickr.com/320/240', 90.36, 2006, 2784, 'diesel', '2WD', 'Aspernatur illo debitis eos atque voluptate id. Molestiae et sed quae enim velit blanditiis eaque provident. Assumenda accusantium et molestiae ipsam quidem fugit quia.\n\nQuia mollitia exercitationem culpa pariatur voluptatem. In placeat enim est accusamus neque quia. Quisquam minima aut dolorem error et vitae. Consequatur cumque et dolor esse magni.\n\nImpedit voluptates excepturi nulla impedit rem libero omnis. Aut totam voluptatem quia nulla hic soluta non. Quia non nostrum repellat animi.', 0, 33, '2020-09-12 08:33:26', '2020-09-12 08:33:26', 0),
(817, 'harum iure exercitationem', 'harum-iure-exercitationem', 'https://loremflickr.com/320/240', 23.75, 2004, 145286, 'diesel', '2WD', 'Iste nihil aut autem ducimus magni quia. Aut molestiae quibusdam repellendus officiis odio id. Molestiae non saepe vel quo expedita. Maiores voluptas sunt ut facere minus a.\n\nEt facere dignissimos natus nobis reprehenderit. Error ea culpa nulla ut. Amet qui blanditiis est explicabo non voluptatem temporibus et. Iusto distinctio tempore ad iste minima aspernatur.\n\nAd sequi velit sint. Quia porro quo quas iure rerum. Ipsum ratione delectus commodi quo minima occaecati non. Officia saepe nihil qui sunt recusandae.', 1, 31, '2020-09-12 08:33:26', '2020-09-12 08:33:26', 0),
(818, 'molestias harum voluptas', 'molestias-harum-voluptas', 'https://loremflickr.com/320/240', 43.35, 1993, 105300, 'diesel', '2WD', 'Rerum deserunt laudantium deleniti facilis necessitatibus. Dolor placeat dolorum dolor sunt in molestias occaecati. Iusto odio repellendus iste dolores laborum autem.\n\nUt fuga dolorem aut consequatur. Vero in qui asperiores ipsam ad asperiores perspiciatis. Voluptates mollitia et voluptate corrupti assumenda.\n\nEsse et inventore eveniet omnis accusantium consequatur ut. Quae aut quia amet. Voluptatem nemo error delectus.', 0, 33, '2020-09-12 08:33:26', '2020-09-12 08:33:26', 0),
(819, 'eos sit cumque', 'eos-sit-cumque', 'https://loremflickr.com/320/240', 96.50, 2012, 190138, 'gas', '4WD', 'Aut ut reiciendis blanditiis consequatur esse consequatur doloribus. Quidem quam et quas sequi. Est et qui ipsum aut quae accusamus. Amet deserunt incidunt et perferendis vitae. Sit qui accusantium sit voluptatem et eaque vel.\n\nIn et quia nesciunt. Minima esse unde iusto est. Sed nam numquam omnis in consectetur blanditiis doloribus. Quis sunt occaecati nam necessitatibus sapiente illum ratione.\n\nVoluptate voluptatem ut magnam tempore. Quia eveniet ea excepturi. Et minima et ut mollitia qui.', 0, 31, '2020-09-12 08:33:26', '2020-09-12 08:33:26', 0),
(820, 'quis voluptatibus et', 'quis-voluptatibus-et', 'https://loremflickr.com/320/240', 2.33, 2000, 36173, 'diesel', '2WD', 'Porro corporis autem incidunt. Earum iusto dolores nobis amet placeat accusantium. Repellat dicta voluptatum reprehenderit placeat est ipsam qui commodi.\n\nOccaecati temporibus eaque labore quis. Sed minus nihil illo fuga porro distinctio. Aut praesentium doloribus quia fugiat rerum ea totam.\n\nProvident praesentium soluta voluptates omnis. Dignissimos alias deserunt est repellat. Sunt deleniti odio quidem et temporibus. Odit voluptas nemo ut repellendus illum harum.', 1, 32, '2020-09-12 08:33:26', '2020-09-12 08:33:26', 0),
(821, 'repellendus sit sunt', 'repellendus-sit-sunt', 'https://loremflickr.com/320/240', 22.82, 1970, 19218, 'diesel', '2WD', 'Architecto quis enim rem possimus repellat inventore distinctio ut. Accusantium fugit quis doloremque voluptatem eos dolorum est placeat. Quis voluptates ex eaque a ut. Ea pariatur quos qui aperiam consequatur.\n\nCorporis velit voluptate molestiae possimus quia. Modi inventore omnis odit aut repudiandae ut. Nisi dolor corporis et quia ut. Quod ut et praesentium accusamus nam quas facere iste.\n\nVoluptatibus repellendus non molestiae nobis inventore similique cum dolorem. Error adipisci veritatis delectus eum quisquam alias modi. Aperiam numquam sed similique hic reprehenderit commodi.', 0, 33, '2020-09-12 08:33:26', '2020-09-12 08:33:26', 0),
(822, 'pariatur vel sed', 'pariatur-vel-sed', 'https://loremflickr.com/320/240', 97.98, 1997, 176901, 'diesel', '2WD', 'Voluptate dolorem aliquid et illum expedita consequatur. Quia sit eveniet enim ut consequuntur. Eos nihil officiis eum et beatae. Voluptatum doloribus aspernatur dicta natus dolor.\n\nAdipisci facere accusantium fuga quo voluptatem dolore tempora modi. Et ea sed in accusantium molestiae.\n\nDeserunt possimus dignissimos in et quas a provident. Voluptates possimus ducimus illo quidem. Beatae laudantium sunt ullam dolore corrupti.', 0, 31, '2020-09-12 08:33:26', '2020-09-12 08:33:26', 0),
(823, 'corrupti dolore amet', 'corrupti-dolore-amet', 'https://loremflickr.com/320/240', 73.41, 2018, 173822, 'gas', '4WD', 'Vitae nostrum est ratione debitis. Veritatis repudiandae blanditiis deserunt. At voluptas aut voluptatum vel iste.\n\nVel suscipit perferendis sit alias ut tempora. Culpa porro rerum vel optio at vel. Quisquam non qui architecto voluptatem id.\n\nNostrum provident eum enim recusandae sit. Modi eveniet sed reiciendis ut. Aut impedit iusto fuga. Placeat voluptatem eos ut molestiae.', 1, 32, '2020-09-12 08:33:26', '2020-09-12 08:33:26', 0),
(824, 'architecto est nesciunt', 'architecto-est-nesciunt', 'https://loremflickr.com/320/240', 31.69, 2017, 75766, 'diesel', '2WD', 'Odio magni et doloremque non perferendis. Qui omnis est sed possimus consequatur aut fuga.\n\nConsequatur minus et provident voluptatem placeat. Cum nihil pariatur aut ipsum. Sed sit aut beatae libero dicta delectus.\n\nEt culpa molestias quia reprehenderit magni similique quos. Qui amet earum optio qui culpa aliquam necessitatibus. Quos minus est incidunt minus ut molestiae. Dicta ut veritatis id excepturi fugiat quasi tenetur fugit.', 1, 31, '2020-09-12 08:33:26', '2020-09-12 08:33:26', 0),
(825, 'nobis ipsam est', 'nobis-ipsam-est', 'https://loremflickr.com/320/240', 42.38, 1995, 65126, 'diesel', '2WD', 'In quae enim ea eos cupiditate eum nesciunt. Temporibus architecto enim et. Officiis nulla architecto minus est quam sequi. Libero distinctio quisquam vitae vitae repudiandae explicabo labore.\n\nNostrum non iusto ipsam atque. Exercitationem voluptatem veritatis assumenda numquam quia eum quasi. Nostrum eligendi et aut rerum voluptatem. Reprehenderit cumque atque distinctio praesentium ea ratione. Iste iste dolor maxime doloribus voluptatum.\n\nQuod et iste quod. Similique aut deserunt esse velit sint. Et quidem eveniet deserunt est itaque. A nihil labore sapiente sit impedit. Suscipit quia placeat eos est ut dolor sit.', 1, 31, '2020-09-12 08:33:26', '2020-09-12 08:33:26', 0),
(826, 'quos aut corporis', 'quos-aut-corporis', 'https://loremflickr.com/320/240', 55.11, 2000, 54324, 'diesel', '2WD', 'Molestiae architecto beatae temporibus est iste sit. Quasi numquam cum molestiae sit praesentium. Molestias velit ipsam aperiam quidem velit minima.\n\nOdio aspernatur accusantium quia ex. Quidem voluptatem blanditiis quos qui. Eos aut voluptatem fugiat laudantium. Illum fuga repudiandae consequatur vel.\n\nVoluptatibus quisquam id minus. Nam nesciunt sunt amet est. Harum ex ut quia quo accusamus.', 1, 32, '2020-09-12 08:33:26', '2020-09-12 08:33:26', 0),
(827, 'voluptatem eius soluta', 'voluptatem-eius-soluta', 'https://loremflickr.com/320/240', 78.77, 2003, 12127, 'diesel', '2WD', 'Quia eius odio tempora accusamus quia sint qui. Atque ipsa aut sit pariatur ut commodi accusantium. Tempore explicabo doloremque amet voluptatibus earum. Consectetur quidem fugit tempore impedit. Et non quas sunt laborum non totam.\n\nUt et aliquam dolorem rem ut doloribus voluptatum. Repudiandae quis velit quis placeat nobis. Deserunt quibusdam quod omnis illo veniam. Incidunt illo nemo beatae.\n\nDolorem earum occaecati quae voluptatibus quidem quia aut. Eveniet voluptas qui quisquam. Vero praesentium ut voluptas. Velit ducimus iste corrupti est explicabo.', 0, 32, '2020-09-12 08:33:26', '2020-09-12 08:33:26', 0),
(828, 'quia non vero', 'quia-non-vero', 'https://loremflickr.com/320/240', 94.73, 1979, 40326, 'diesel', '4WD', 'Occaecati possimus neque sed. Qui qui nesciunt aut officia quia atque eos. Quis et illo quis ipsam enim nostrum. Asperiores autem quis voluptatem quos dolor.\n\nUt sit vel odit asperiores. Numquam necessitatibus velit inventore. Temporibus vel aut est cupiditate. Labore est perspiciatis maxime est placeat et odio.\n\nNulla commodi officiis illo. Minima labore error qui maiores. Nostrum voluptatibus minus laudantium pariatur. In ipsa et qui dolores.', 1, 33, '2020-09-12 08:33:26', '2020-09-12 08:33:26', 0),
(829, 'doloremque distinctio animi', 'doloremque-distinctio-animi', 'https://loremflickr.com/320/240', 33.06, 2001, 148180, 'diesel', '2WD', 'Placeat consequatur dignissimos repellat molestiae. Quis eius saepe voluptas facilis voluptate. Iste a corrupti facilis et nobis aut maxime. Quo labore est architecto necessitatibus labore.\n\nAperiam et et doloremque autem ipsum natus. Fugit sed quia incidunt id. Optio ut incidunt omnis amet modi.\n\nVelit veniam et omnis eos rerum non. Ut vel nisi deleniti ipsum. Quos quos eligendi reprehenderit. Rerum similique voluptatibus aliquam eos.', 1, 33, '2020-09-12 08:33:26', '2020-09-12 08:33:26', 0),
(830, 'fuga consequatur a', 'fuga-consequatur-a', 'https://loremflickr.com/320/240', 56.59, 1983, 188746, 'diesel', '2WD', 'Voluptates minima incidunt sunt maxime. Molestiae qui exercitationem qui saepe dignissimos voluptatibus quisquam. Ut nihil et qui. Fuga eum tempore temporibus nulla accusantium eum.\n\nUt et eligendi doloremque provident a a amet ab. Et et consectetur suscipit distinctio nam. Neque dicta natus natus assumenda.\n\nDolorum id odio numquam illo autem sint. Rerum facilis sequi corporis qui molestiae accusamus. Vel itaque provident ut natus inventore sequi.', 0, 33, '2020-09-12 08:33:26', '2020-09-12 08:33:26', 0),
(831, 'enim dolores modi', 'enim-dolores-modi', 'https://loremflickr.com/320/240', 29.59, 1989, 192510, 'diesel', '2WD', 'Nam est eaque sit quia. Ut dolorem laudantium aut voluptas numquam voluptatem amet. Rerum tenetur ipsum praesentium ducimus provident. Nulla qui voluptas nemo dolorum.\n\nOptio aut qui rerum. Similique tenetur nam veritatis tempora. Voluptatem quo incidunt et sint qui. Quae voluptas natus qui qui accusantium.\n\nReprehenderit corporis ratione beatae non aut. Laudantium odit consectetur nam sed enim reiciendis. Odit et earum inventore quasi. Possimus voluptas velit voluptate. Dolore enim accusamus aut sint ea sunt tenetur.', 1, 32, '2020-09-12 08:33:26', '2020-09-12 08:33:26', 0),
(832, 'temporibus cumque distinctio', 'temporibus-cumque-distinctio', 'https://loremflickr.com/320/240', 38.64, 2004, 111256, 'diesel', '4WD', 'Cum eum rem molestiae consequatur et. Voluptatibus cumque in sunt est odit quod. Cupiditate quibusdam iusto atque beatae accusamus dolorum. Velit ut eveniet autem deleniti ratione.\n\nEius consectetur reiciendis eveniet alias. Quis eum aliquam at doloremque eos eos. Quis qui provident aperiam laboriosam. Numquam omnis nostrum maxime eos.\n\nSunt corporis soluta impedit beatae. Quidem velit dolorum rerum pariatur. Officia quod vero cupiditate ut maxime.', 1, 31, '2020-09-12 08:33:26', '2020-09-12 08:33:26', 0),
(833, 'qui et inventore', 'qui-et-inventore', 'https://loremflickr.com/320/240', 13.34, 1994, 55605, 'diesel', '2WD', 'Id sit excepturi aliquid laborum magni quibusdam. Sed aut voluptates neque laudantium. Esse voluptatem aut cumque quae.\n\nPariatur officiis suscipit sequi et iusto magnam atque. Quia vel mollitia enim eveniet. Cumque molestiae voluptas at quo quis. Ipsam ut unde ea quas qui ducimus consequatur.\n\nIusto exercitationem ut nihil blanditiis ad fuga sint. Impedit dolores sed maxime quia. Perspiciatis consectetur eveniet voluptas aliquid. Nemo et est laborum quas eveniet.', 0, 31, '2020-09-12 08:33:26', '2020-09-12 08:33:26', 0),
(834, 'id eos dicta', 'id-eos-dicta', 'https://loremflickr.com/320/240', 32.02, 1998, 61657, 'diesel', '4WD', 'Commodi cumque enim ipsa omnis corrupti quibusdam ex. Nulla vel et est quia incidunt rerum et. Officiis officia voluptas voluptate.\n\nFuga cum voluptas qui maxime ab ea. Voluptatem est totam dignissimos qui minima autem est. Ut omnis quo fugit itaque hic. Commodi accusamus culpa ut unde architecto consequatur in nam.\n\nMaxime ipsa corporis veniam eos. In sed voluptatum quam quia. Ut repellat id modi rerum culpa. Veniam ut dolorum tenetur quod velit temporibus odio.', 1, 33, '2020-09-12 08:33:26', '2020-09-12 08:33:26', 0),
(835, 'officia sint quis', 'officia-sint-quis', 'https://loremflickr.com/320/240', 46.38, 1976, 183095, 'diesel', '2WD', 'Et non sunt voluptatem incidunt eum eveniet necessitatibus. Perferendis eos aperiam velit consequuntur vitae. Autem et et ratione ipsum.\n\nCumque accusamus cum aut accusantium. Dicta et provident earum et aut dicta. Labore esse reprehenderit deserunt qui quaerat natus.\n\nEveniet dolor totam occaecati consequatur nihil. Aut doloribus repellendus illo saepe in. Iure voluptates est consequatur adipisci illum itaque.', 1, 31, '2020-09-12 08:33:26', '2020-09-12 08:33:26', 0),
(836, 'delectus necessitatibus deleniti', 'delectus-necessitatibus-deleniti', 'https://loremflickr.com/320/240', 99.39, 1980, 116806, 'diesel', '2WD', 'Illo voluptatum labore quia unde. Et laborum sunt veniam voluptatem ex optio et. Vel minus et sapiente rerum. Magni culpa ut nihil.\n\nEt consequatur voluptate debitis dolor. Recusandae necessitatibus ut eveniet veritatis beatae eum. Voluptas rerum iusto soluta et deserunt velit est. Qui ea est quo nemo nobis enim perspiciatis excepturi. Architecto cum nisi id eveniet repudiandae soluta qui.\n\nEt aut accusantium reiciendis sequi. Omnis assumenda delectus libero repellendus id eligendi quae. Ex ipsam ipsum in et enim atque qui quaerat.', 0, 32, '2020-09-12 08:33:26', '2020-09-12 08:33:26', 0),
(837, 'error aut qui', 'error-aut-qui', 'https://loremflickr.com/320/240', 2.50, 2011, 160330, 'diesel', '2WD', 'Fugit et animi aspernatur. Esse quas in iure fugiat. Molestiae amet ea quae alias placeat. Labore aliquid reiciendis et id.\n\nIllum dolorem ad velit sit consequatur. Similique voluptate enim tempora in minus quia eveniet. Sint adipisci sequi dolorem beatae nemo eius quia. Nobis quia cupiditate architecto ipsa dolorem saepe et.\n\nPariatur voluptates magni iste unde sapiente. Tempora sunt dolor magni aut a dolores hic.', 0, 33, '2020-09-12 08:33:26', '2020-09-12 08:33:26', 0),
(838, 'quia a sint', 'quia-a-sint', 'https://loremflickr.com/320/240', 1.87, 1977, 57892, 'diesel', '2WD', 'Provident id provident possimus voluptate tempora tempora ullam. Qui nostrum expedita cum vel omnis. Rerum aliquam maxime voluptatem praesentium. Voluptatum et soluta explicabo nisi qui ut sit.\n\nMagnam voluptatem quos porro neque. Exercitationem rerum ipsum quas voluptas. Voluptas et laborum est non omnis deserunt.\n\nFacere sit unde sunt non voluptatem quia excepturi. Mollitia in minus aut voluptatem. Voluptas quas officia quia. Voluptatibus accusamus laudantium sint aut.', 0, 31, '2020-09-12 08:33:26', '2020-09-12 08:33:26', 0),
(839, 'et velit tempora', 'et-velit-tempora', 'https://loremflickr.com/320/240', 36.09, 1984, 62731, 'diesel', '2WD', 'Sit iste dolor inventore. Distinctio fuga ea commodi voluptas rerum. Fuga velit aut quidem maiores a fugit. Ut harum veritatis doloribus sunt.\n\nOmnis autem perferendis sunt ut non facere eaque. Iusto aliquid labore dolor. Harum inventore ad impedit ut expedita non.\n\nIn aliquid corporis autem est. Sint cum magnam et et eaque laborum. Ut quaerat magnam nisi consequatur inventore maxime.', 0, 32, '2020-09-12 08:33:26', '2020-09-12 08:33:26', 0),
(840, 'minus sit nam', 'minus-sit-nam', 'https://loremflickr.com/320/240', 2.62, 1974, 61931, 'diesel', '2WD', 'Qui velit cupiditate non culpa ut omnis et. Accusamus fugit et qui soluta ea cupiditate perferendis ipsa. Officiis illo necessitatibus sunt fugit eveniet sit. Quos impedit et nihil maiores animi id.\n\nPariatur quis mollitia cum cupiditate. Sed placeat provident aut. Tempora dolorem quae labore praesentium cumque. Ut rerum voluptatum id quisquam quae et assumenda.\n\nLaudantium veniam labore reprehenderit accusantium placeat quaerat quia. Nesciunt mollitia et quae doloribus perspiciatis sit optio. Eum ut qui vitae labore eaque neque eum. Quibusdam ducimus adipisci suscipit sint dolorum perferendis ipsam.', 0, 33, '2020-09-12 08:33:26', '2020-09-12 08:33:26', 0),
(841, 'quas odit quisquam', 'quas-odit-quisquam', 'https://loremflickr.com/320/240', 79.80, 1976, 72624, 'diesel', '2WD', 'At et quos vero porro possimus suscipit. Sed cum rerum error dolores quia soluta ea. Quia quam fugiat rerum nostrum eum pariatur qui. Nihil rerum debitis nesciunt voluptate ratione.\n\nAut libero magnam reprehenderit et saepe temporibus fuga. Nihil et quam et dolor. Debitis non iusto odio consequuntur.\n\nOptio incidunt nemo cumque deserunt. Maiores quod magni totam numquam rerum dolorem.', 0, 31, '2020-09-12 08:33:26', '2020-09-12 08:33:26', 0),
(842, 'consequuntur vel dolorem', 'consequuntur-vel-dolorem', 'https://loremflickr.com/320/240', 0.36, 2011, 101749, 'diesel', '4WD', 'Sint et impedit dolor non non soluta eius. Maiores consequuntur magnam necessitatibus nemo et porro est sed. Quasi at dolores ut est voluptatem quos.\n\nEos sint qui ut dolorem. In est ullam architecto placeat iusto. Quasi consequatur molestias necessitatibus debitis tempora a recusandae. Repellat quam sint aut totam ipsum voluptas.\n\nVero illum et aliquid eius. Consequatur rerum ipsum corrupti unde. Dolor eius consequatur fuga quam laborum amet voluptates. Quod aut eligendi magnam sed atque vel quia.', 0, 31, '2020-09-12 08:33:26', '2020-09-12 08:33:26', 0),
(843, 'debitis eos excepturi', 'debitis-eos-excepturi', 'https://loremflickr.com/320/240', 4.46, 1990, 72321, 'diesel', '2WD', 'Accusamus autem et sint recusandae rerum dolorem. Doloremque quas voluptas aspernatur vel placeat aut modi ut. Dolore et aliquam doloremque autem rem repellendus expedita iste. Et fugiat quibusdam facilis vel sed eos.\n\nVoluptatem facere qui voluptas blanditiis quibusdam. Impedit excepturi a cumque aut. Dolore velit inventore possimus blanditiis. Praesentium omnis alias repellendus soluta fugit et.\n\nFuga consectetur perferendis dolore consequatur iste voluptatem quia non. Quia qui quia dolor atque enim nam ut.', 0, 31, '2020-09-12 08:33:26', '2020-09-12 08:33:26', 0),
(844, 'maiores et et', 'maiores-et-et', 'https://loremflickr.com/320/240', 51.76, 2007, 102393, 'diesel', '2WD', 'Voluptas accusamus sunt atque ex. Ut nihil maiores ad temporibus. Velit doloribus natus culpa suscipit ullam vel.\n\nAliquam sed dolores quia sed non est minima sed. Earum consequuntur hic quaerat autem. Sed a aut voluptatibus necessitatibus expedita architecto quidem. Est maiores id delectus eum qui consectetur incidunt. Optio nostrum rerum ea totam est et velit.\n\nQuia blanditiis et dolorem et non. Molestiae atque qui nobis omnis qui sed rerum. Qui sunt saepe harum quidem repellendus dolor facilis. Quia porro deleniti omnis.', 1, 33, '2020-09-12 08:33:26', '2020-09-12 08:33:26', 0),
(845, 'eos consequatur a', 'eos-consequatur-a', 'https://loremflickr.com/320/240', 40.34, 2015, 112784, 'diesel', '2WD', 'Eos doloremque commodi qui accusamus fugit qui sint. Repellat voluptate placeat nobis quasi at. Aperiam aut quis dolores.\n\nEos expedita quisquam aut reiciendis odit modi. Repellat saepe velit alias eligendi corporis placeat. Fugit laborum quas quo tenetur cupiditate rerum. Cum dolore eveniet ut voluptas mollitia.\n\nDignissimos nisi facilis perspiciatis. Velit voluptatem omnis consequuntur hic pariatur dolorem et. Dolor optio minus expedita optio. Quo earum laborum pariatur vitae enim.', 1, 31, '2020-09-12 08:33:26', '2020-09-12 08:33:26', 0),
(846, 'nam qui autem', 'nam-qui-autem', 'https://loremflickr.com/320/240', 10.23, 1987, 170493, 'gas', '4WD', 'Ratione facere autem debitis error. Quod aspernatur beatae ipsa ea eaque mollitia sed. Corporis iure et et neque et. Soluta exercitationem dolorem sequi occaecati impedit et aut iusto.\n\nAccusantium aspernatur nobis sed exercitationem et quis. Est facere voluptatem et.\n\nEt dolore accusantium delectus. Minima quia consequatur omnis omnis itaque incidunt. Et quasi non et nostrum commodi ipsam ullam.', 1, 33, '2020-09-12 08:33:26', '2020-09-12 08:33:26', 0),
(847, 'itaque velit iusto', 'itaque-velit-iusto', 'https://loremflickr.com/320/240', 33.50, 1999, 75041, 'diesel', '2WD', 'Soluta odio optio sequi magni officia officia. Consequatur veniam architecto velit rerum quia quaerat consequatur. Deleniti labore sunt porro quas itaque. Quisquam corporis earum amet cupiditate aut perferendis explicabo quo. Ut autem quia sit sunt.\n\nAdipisci itaque est quam molestiae aut suscipit sunt. Velit facere molestiae vero tenetur quo. Ea unde nesciunt laboriosam non. Quos repudiandae et dicta reprehenderit qui quo similique.\n\nCorrupti ipsam velit et quos. Dolorem facere qui consectetur quia et adipisci. Et ratione possimus placeat cupiditate adipisci dolorum natus.', 1, 32, '2020-09-12 08:33:26', '2020-09-12 08:33:26', 0),
(848, 'non neque iure', 'non-neque-iure', 'https://loremflickr.com/320/240', 99.75, 1989, 118841, 'diesel', '2WD', 'Eaque est laboriosam perspiciatis et porro. Occaecati velit error cum voluptatem. Sunt in modi vero dolores nihil tempore voluptatem.\n\nFugit est enim aut dolore. Est repellendus id consectetur quam molestiae vero minus. Et eos velit neque nisi qui eos et. Qui sequi sint minima at ut ab laudantium.\n\nSequi vitae dignissimos placeat sunt. Ut reiciendis id consequatur repellat.', 1, 31, '2020-09-12 08:33:26', '2020-09-12 08:33:26', 0),
(849, 'accusantium autem rerum', 'accusantium-autem-rerum', 'https://loremflickr.com/320/240', 15.18, 2004, 2215, 'diesel', '2WD', 'Neque molestiae quia reprehenderit et. Est laborum autem molestiae consequatur ratione eos. Eum in quaerat neque dolores voluptatem id consequatur. Non minus et vel a porro.\n\nEnim impedit facilis exercitationem libero velit fugiat. Ut voluptas deserunt consequuntur rerum officia dolorem delectus recusandae. Facilis ipsum facilis animi. Sed qui non velit impedit reiciendis quibusdam in neque. Blanditiis quisquam in harum.\n\nEnim aut culpa quis a et omnis nobis. Reiciendis est soluta esse. Voluptatem perferendis est nam debitis dolores cumque.', 0, 31, '2020-09-12 08:33:26', '2020-09-12 08:33:26', 0),
(850, 'minima voluptatem non', 'minima-voluptatem-non', 'https://loremflickr.com/320/240', 64.93, 2015, 99124, 'gas', '4WD', 'Repudiandae est et eveniet nostrum est. Corrupti delectus eum enim nulla. Quibusdam magnam voluptas eum quia. Placeat id aut autem repellat optio aut.\n\nQuisquam officia consequatur aut veniam nemo numquam. Vel omnis officia officia sit et amet. Qui animi repellat et consequatur beatae possimus. Sit nihil facilis est ratione accusamus deleniti.\n\nRepellat autem voluptatem sit ut nulla vero qui doloribus. Dignissimos aut eos voluptas. Animi non quae fugiat voluptatem. Maiores exercitationem nemo aut temporibus et vitae vel facilis.', 1, 31, '2020-09-12 08:33:26', '2020-09-12 08:33:26', 0),
(851, 'mollitia voluptatibus ab', 'mollitia-voluptatibus-ab', 'https://loremflickr.com/320/240', 4.06, 1977, 23042, 'diesel', '2WD', 'Aperiam facere amet sed minus. Nulla minus a officiis voluptates ipsum eum.\n\nEt autem nesciunt quisquam facilis et impedit quisquam. Perspiciatis temporibus blanditiis facilis. Officiis aut et numquam totam aliquid eveniet doloribus.\n\nNon atque hic impedit aut. Numquam tempore hic sapiente voluptatem. Placeat eum natus nihil explicabo. Assumenda iste impedit corporis eaque sit quis officia.', 1, 32, '2020-09-12 08:33:26', '2020-09-12 08:33:26', 0),
(852, 'quis qui tempora', 'quis-qui-tempora', 'https://loremflickr.com/320/240', 85.96, 1997, 49581, 'diesel', '2WD', 'Repellat est nam tenetur totam voluptas itaque ut consectetur. Sint dolorem eius ducimus et molestiae quia. Enim delectus voluptatem porro veniam minima labore deserunt.\n\nConsequatur consectetur quia error qui. Omnis sint tempora ducimus reiciendis. Nobis quod aperiam assumenda velit eaque error enim.\n\nSapiente architecto tempora sunt veniam autem et ea dolor. Autem ut non qui rerum est architecto. Ut aut est aut asperiores aut dolore sed.', 0, 31, '2020-09-12 08:33:26', '2020-09-12 08:33:26', 0),
(853, 'et modi quasi', 'et-modi-quasi', 'https://loremflickr.com/320/240', 68.88, 1980, 149555, 'diesel', '2WD', 'Modi sed velit corporis quo quasi. Eligendi a incidunt omnis dolorem aut. Deleniti quisquam maiores possimus unde quaerat.\n\nIncidunt ab rerum quo quis. Laudantium voluptatem laborum eum quibusdam aspernatur temporibus ea.\n\nAt aut et quis voluptatem sed quia. Consequatur hic magnam sed repudiandae enim aliquid. Iusto est ad vel laborum illum facere neque nobis. Expedita nemo beatae aliquid facilis necessitatibus eius molestiae commodi. Laudantium magni commodi soluta enim est quas.', 0, 32, '2020-09-12 08:33:26', '2020-09-12 08:33:26', 0),
(854, 'ut accusantium eum', 'ut-accusantium-eum', 'https://loremflickr.com/320/240', 39.05, 2013, 59496, 'diesel', '2WD', 'Ut repellendus sint est et soluta ad magnam qui. Ut enim sunt ea molestias ut voluptatibus nam.\n\nEsse rerum adipisci id magnam provident omnis ut. A occaecati et similique harum similique fuga. Consequatur laboriosam officia possimus nostrum dolor dolore.\n\nNecessitatibus quis ut in sunt omnis est cumque. Laudantium et dicta nobis dignissimos facere sed voluptate. Nulla nam reprehenderit voluptas aut voluptatum aut. Voluptate sed sunt consequatur temporibus.', 1, 32, '2020-09-12 08:33:26', '2020-09-12 08:33:26', 0),
(855, 'dolorum officiis voluptatibus', 'dolorum-officiis-voluptatibus', 'https://loremflickr.com/320/240', 0.21, 2009, 186995, 'diesel', '2WD', 'Sit vitae consequatur dicta est optio exercitationem natus. Magnam sit ea sit et ex dolores quo porro. Aperiam ipsam excepturi a reprehenderit magnam eum.\n\nNisi alias corrupti rerum eveniet ut labore velit. Dolores quis cupiditate et pariatur hic. Et minus ea minima sit ex asperiores. Ea aut magnam minima est placeat ipsum quo.\n\nNecessitatibus iure facere sed aspernatur error fugiat id. Quo rem sint ab pariatur vitae dicta. Quia tempora ducimus eos eum dolorem et. Quas illum quos culpa sunt rerum.', 0, 33, '2020-09-12 08:33:26', '2020-09-12 08:33:26', 0),
(856, 'dolorem minima nostrum', 'dolorem-minima-nostrum', 'https://loremflickr.com/320/240', 73.08, 1985, 187636, 'diesel', '2WD', 'Aut nostrum aut explicabo sequi rem et error. Sed ut autem laboriosam rerum ea.\n\nSoluta iusto rem in rem molestias. Est laudantium qui at vero ipsam quisquam. Voluptas rerum nihil iusto voluptatem quis cupiditate officiis.\n\nAssumenda cum et aut ea recusandae eligendi facere rerum. Non expedita amet odio alias est hic error. Id sapiente ea molestiae adipisci amet. Et iure accusantium quos aut nihil odit cumque non.', 0, 31, '2020-09-12 08:33:26', '2020-09-12 08:33:26', 0),
(857, 'veritatis placeat architecto', 'veritatis-placeat-architecto', 'https://loremflickr.com/320/240', 4.85, 2008, 163826, 'diesel', '2WD', 'Quia consequuntur rem minima itaque ducimus dolor. Harum quidem eos maiores consectetur nostrum. Totam natus accusamus vel error sunt labore aut quo. Quisquam quis dolor qui consequatur.\n\nFacere quaerat labore voluptas deleniti voluptate quaerat sed. Distinctio animi ea porro eum ipsa et consectetur soluta. Veritatis quidem debitis quo soluta aut.\n\nOmnis et officiis vero labore. Id molestiae ea ea facilis molestiae iusto dolore. Eaque ipsa sit dolor debitis et.', 1, 33, '2020-09-12 08:33:26', '2020-09-12 08:33:26', 0),
(858, 'aut reiciendis quia', 'aut-reiciendis-quia', 'https://loremflickr.com/320/240', 23.95, 1973, 113879, 'diesel', '2WD', 'Asperiores quis nesciunt dolor a molestias corporis praesentium tenetur. Quia eveniet tempore libero rerum consequuntur. Consequatur nihil debitis omnis vel repellat ratione dolorem.\n\nAd error at atque voluptatem enim. Non delectus quasi consectetur quam. Earum eos veniam sint ducimus. Quasi corporis harum maxime in.\n\nNon aperiam sed aut minima nulla ex distinctio. Unde quo dolore tempora quia quisquam modi. Autem sit nulla soluta fugit aut. Eum praesentium reprehenderit debitis illum.', 0, 33, '2020-09-12 08:33:26', '2020-09-12 08:33:26', 0),
(859, 'sed laborum qui', 'sed-laborum-qui', 'https://loremflickr.com/320/240', 54.34, 1977, 124705, 'diesel', '2WD', 'Recusandae sunt quibusdam nostrum. Ut vel incidunt non voluptas necessitatibus excepturi et. Nihil delectus quia voluptatem rerum delectus provident quasi. Enim eum minima corporis neque aut quasi.\n\nEa sequi maxime consequatur voluptatem occaecati quasi modi. Eos quia placeat porro consequatur hic ratione ipsam. Perspiciatis necessitatibus id tenetur non.\n\nQuia accusamus suscipit quia tenetur sint. Sunt quae sit voluptatem similique aut quaerat. Asperiores et ab voluptas dolorem tenetur. Sit error totam error modi aut eum est.', 0, 32, '2020-09-12 08:33:26', '2020-09-12 08:33:26', 0),
(860, 'officiis aut voluptate', 'officiis-aut-voluptate', 'https://loremflickr.com/320/240', 59.03, 2016, 165121, 'diesel', '2WD', 'Reprehenderit amet provident aut amet sint totam. Velit voluptate consequatur ducimus tenetur eos et qui. Ut et ducimus architecto.\n\nFugiat et explicabo cum iure exercitationem omnis praesentium vitae. Maiores dolorem consequuntur dolorem non. Est nemo et sed eveniet tenetur est modi et. Dolorem et rerum doloribus.\n\nRerum qui qui cumque eum. Enim iusto nemo unde occaecati nulla facilis architecto. Ad nihil voluptas dolores sed omnis.', 1, 33, '2020-09-12 08:33:26', '2020-09-12 08:33:26', 0),
(861, 'beatae optio quod', 'beatae-optio-quod', 'https://loremflickr.com/320/240', 1.19, 2016, 173429, 'diesel', '2WD', 'Eligendi quibusdam eveniet qui tenetur eveniet reprehenderit illum. Molestiae praesentium ut at iusto quo. Quia molestiae maxime sint.\n\nEos sed esse nihil vitae. Fugit voluptates sapiente neque iure mollitia et. Voluptates sint deleniti exercitationem tempora ducimus. Et quia libero repellat ut dolorem ut voluptate.\n\nCum consectetur dolores et enim sed similique voluptatem totam. Qui architecto illo est iusto et.', 1, 33, '2020-09-12 08:33:26', '2020-09-12 08:33:26', 0),
(862, 'vel voluptatem magni', 'vel-voluptatem-magni', 'https://loremflickr.com/320/240', 5.88, 1999, 65582, 'diesel', '2WD', 'Repellat et dolores autem aut sint velit earum rerum. Fugit aut odio modi ut. Eum ratione enim laudantium. Facere illum illum fugit laboriosam similique quo sint. Et repellendus unde commodi labore voluptatem accusamus sint.\n\nSit est sit in. Quibusdam at odit aperiam officiis asperiores. Dolorem eos error distinctio quisquam.\n\nSed enim numquam sint blanditiis. Dolor aut sit aut quam illum ex impedit eos.', 0, 31, '2020-09-12 08:33:26', '2020-09-12 08:33:26', 0),
(863, 'libero nemo libero', 'libero-nemo-libero', 'https://loremflickr.com/320/240', 73.39, 2005, 172948, 'diesel', '2WD', 'Molestiae nostrum aut et sit earum. Id aut magnam quia ut veniam quia dolorem. Nulla quibusdam aspernatur asperiores velit et nemo.\n\nSoluta vel eos qui. Ipsam illum aut qui eligendi. Necessitatibus nostrum magnam aut aut. Maiores eum numquam accusantium omnis. Reiciendis voluptatibus voluptatibus rerum voluptatem quasi pariatur pariatur.\n\nVoluptatem autem minima nulla in tenetur delectus. Dolor neque ex distinctio nisi et ut sit. Exercitationem inventore voluptatem nobis dolor.', 1, 31, '2020-09-12 08:33:26', '2020-09-12 08:33:26', 0),
(864, 'officiis rem impedit', 'officiis-rem-impedit', 'https://loremflickr.com/320/240', 47.69, 2019, 103857, 'diesel', '2WD', 'Ullam ut at dolorem optio dolores. Nesciunt accusamus rerum nulla enim odio velit a. Numquam iste reiciendis odit itaque quibusdam.\n\nAutem optio harum aut sequi. Odio vero laboriosam praesentium repellat optio fuga. Fugit ipsum quo vel amet dolores eius enim similique.\n\nAutem vel esse non vel alias ea dolores. Molestias dolore inventore id doloribus ducimus culpa recusandae. Et dolore vel enim velit voluptatem commodi eaque.', 1, 33, '2020-09-12 08:33:26', '2020-09-12 08:33:26', 0),
(865, 'quia rem dolorem', 'quia-rem-dolorem', 'https://loremflickr.com/320/240', 90.63, 2007, 94362, 'diesel', '2WD', 'Qui mollitia eaque occaecati rerum illo fugit delectus veritatis. Pariatur sint ipsum in esse et unde quo unde. Consectetur totam facilis sunt voluptate. Aut expedita provident quis et porro.\n\nTenetur consectetur sed aspernatur dolorem. Aliquid numquam est accusamus est itaque. Omnis et nihil ut sunt enim voluptatem veniam. Rerum at et ipsam nisi magnam non. Velit neque consequuntur dolores unde autem sed.\n\nIure omnis inventore hic nulla velit maxime quo. Quam vel eum velit dolor aut. Et maxime non dolores perspiciatis dolorem quidem et quia.', 0, 33, '2020-09-12 08:33:26', '2020-09-12 08:33:26', 0),
(866, 'doloribus natus sed', 'doloribus-natus-sed', 'https://loremflickr.com/320/240', 10.55, 2000, 62551, 'diesel', '2WD', 'Sunt officiis cum ut eius voluptatem recusandae voluptatibus. Dolorem voluptates occaecati amet rerum illo minima ducimus. Minus rerum sit iusto. Ea culpa quaerat pariatur laboriosam. Perspiciatis quo id et placeat voluptas.\n\nInventore porro debitis blanditiis consequatur. Repudiandae aut delectus unde et quos placeat eveniet ut. Excepturi ratione rem a totam et vel doloribus.\n\nSoluta labore consectetur tempora qui voluptatem enim mollitia. Provident et deleniti voluptates saepe. Omnis pariatur et id distinctio deserunt velit rerum. Praesentium ab dolorum et doloribus.', 0, 33, '2020-09-12 08:33:26', '2020-09-12 08:33:26', 0),
(867, 'distinctio dolorem unde', 'distinctio-dolorem-unde', 'https://loremflickr.com/320/240', 96.67, 2017, 122733, 'diesel', '2WD', 'Et consectetur quo magnam velit aut numquam rerum. Vitae ut et ab voluptates perspiciatis minus optio aut.\n\nNon non eligendi dolorem. Nihil natus dolor laudantium aliquid perferendis illo. Qui nam sed eaque et. Aut consequatur porro in est voluptatum et.\n\nOdit corporis quaerat amet a aliquam. Quia sit cupiditate dicta necessitatibus omnis rerum dolor. Aut quas repudiandae dolor quaerat iure quo. Qui veritatis quae qui.', 0, 32, '2020-09-12 08:33:26', '2020-09-12 08:33:26', 0),
(868, 'in quisquam totam', 'in-quisquam-totam', 'https://loremflickr.com/320/240', 39.91, 1983, 95238, 'diesel', '2WD', 'Rerum animi beatae qui minus vel eum quos. Quisquam sapiente ut sit temporibus dignissimos esse. Asperiores quos beatae iure quia nobis. Omnis quia nam voluptas alias.\n\nTenetur aut qui provident ut. Aut dignissimos enim ut. Velit ipsam et fugiat est suscipit. Qui suscipit veritatis nihil inventore enim.\n\nEt deserunt architecto et non culpa. In aliquid laudantium perspiciatis mollitia. Nostrum dolorem voluptas dolorem aut sunt.', 1, 32, '2020-09-12 08:33:26', '2020-09-12 08:33:26', 0),
(869, 'odit enim aut', 'odit-enim-aut', 'https://loremflickr.com/320/240', 63.96, 2014, 172624, 'diesel', '2WD', 'Quia alias vero et itaque. Minima et occaecati accusantium dignissimos qui. Necessitatibus possimus aliquam nisi est eum. Earum eius reiciendis et molestiae quia quo enim. Doloribus vitae ut quibusdam qui.\n\nCum veniam vero consequatur. Praesentium eveniet dolorem eius atque. Molestias aut et sed ducimus quam maxime nihil. Laboriosam eligendi voluptate voluptatem et optio enim velit aut.\n\nQuisquam sapiente vel ipsum vel qui in. Dolores accusantium occaecati accusantium. Eligendi delectus vero consequatur officiis. Voluptates tempora dicta eos aut laborum. Sequi harum laborum in rem repellendus dolores vitae.', 1, 33, '2020-09-12 08:33:26', '2020-09-12 08:33:26', 0),
(870, 'consequatur laborum voluptatem', 'consequatur-laborum-voluptatem', 'https://loremflickr.com/320/240', 91.53, 2011, 151393, 'diesel', '2WD', 'Est minima sint recusandae est. Non cupiditate velit esse unde ea quas soluta.\n\nVoluptatem id vel ut quia incidunt quo est. Nemo eos ut sint repellat earum dignissimos. Aut placeat odit ea est debitis provident id. Consequatur distinctio consequatur itaque natus vel perferendis quos.\n\nAspernatur ducimus vero et id dolorem sed. Assumenda voluptatem voluptatem sed quam est laborum. Odit eaque velit omnis sunt ut beatae. Molestiae saepe unde error suscipit distinctio. Animi omnis non enim saepe sequi enim.', 1, 32, '2020-09-12 08:33:26', '2020-09-12 08:33:26', 0),
(871, 'laboriosam dignissimos delectus', 'laboriosam-dignissimos-delectus', 'https://loremflickr.com/320/240', 77.28, 1988, 97240, 'diesel', '2WD', 'Id sunt minima voluptatem et. Qui adipisci molestiae et at. Earum sit provident consectetur corrupti aspernatur rerum.\n\nPorro officiis placeat nulla earum est molestias maiores. Voluptas voluptas et mollitia autem. Velit quisquam veritatis quis quia aperiam provident dolores dolores.\n\nQuia cumque rerum animi in vel. Molestiae neque omnis suscipit ipsam corporis nemo labore. Excepturi voluptatibus commodi nihil fugiat hic. Et nemo mollitia eum.', 1, 32, '2020-09-12 08:33:26', '2020-09-12 08:33:26', 0),
(872, 'est voluptatem ratione', 'est-voluptatem-ratione', 'https://loremflickr.com/320/240', 37.10, 1982, 27580, 'diesel', '2WD', 'Ea qui aut minima. Nesciunt eum cum nostrum atque. Qui expedita aut non ad.\n\nVoluptatem at ut nihil non ipsa laudantium. Aperiam omnis nesciunt consequatur possimus. Et nihil consequatur enim voluptates. Sed temporibus sunt cum non.\n\nMagnam aliquam quam et sed ratione blanditiis quo qui. Occaecati adipisci atque vitae et odit mollitia quisquam. Dolorem necessitatibus molestiae inventore et aliquid minus.', 1, 31, '2020-09-12 08:33:26', '2020-09-12 08:33:26', 0),
(873, 'qui molestiae dolorem', 'qui-molestiae-dolorem', 'https://loremflickr.com/320/240', 96.26, 1977, 148045, 'diesel', '2WD', 'Molestias officiis sunt deleniti ullam ut quis ut. Et velit enim voluptas dicta et maiores. Laudantium error dignissimos voluptates modi provident sit nihil. Quis sit eligendi commodi asperiores.\n\nConsequatur at sit non odio. Optio quas molestiae facere consequuntur suscipit alias. Porro omnis laudantium quasi aut laborum.\n\nDolor cupiditate commodi consequatur quisquam earum ea rem. Nulla necessitatibus eius dolore. Consectetur culpa non nihil. Nihil at pariatur aut non maxime.', 1, 32, '2020-09-12 08:33:26', '2020-09-12 08:33:26', 0),
(874, 'vel quam qui', 'vel-quam-qui', 'https://loremflickr.com/320/240', 48.78, 2006, 195231, 'diesel', '2WD', 'Veniam dolore ut dolores officia reiciendis earum. Aliquam tenetur consequatur quod. Aut labore optio et aperiam qui animi adipisci.\n\nDoloremque hic ipsam tempore. Minima qui rem et alias vitae ut quod laboriosam. Impedit quas ipsum harum amet repellendus enim ducimus.\n\nNihil in expedita sit labore cupiditate suscipit. Rerum delectus ut voluptatum natus quia. Aperiam quis sed nostrum ut voluptatibus necessitatibus. Accusantium aut quos ea et soluta saepe.', 0, 32, '2020-09-12 08:33:26', '2020-09-12 08:33:26', 0),
(875, 'consequatur perferendis eum', 'consequatur-perferendis-eum', 'https://loremflickr.com/320/240', 59.48, 2000, 2479, 'diesel', '2WD', 'Et adipisci nostrum dolor nostrum autem consequatur mollitia. Repellat quam incidunt ex fugiat consequatur. Voluptate praesentium qui qui consequatur quia pariatur vero eos. Est assumenda architecto ut.\n\nEst voluptatem est ut sapiente. Dolorum eveniet a assumenda voluptatibus atque perspiciatis. Eaque nihil maxime quod laborum illum vitae exercitationem. Et error nesciunt facere ut.\n\nDolorum voluptas sunt nam harum officia atque sapiente. Nostrum ut veniam id vitae qui qui nesciunt. Nihil voluptatibus dolor in nisi eaque itaque laborum quia.', 0, 32, '2020-09-12 08:33:26', '2020-09-12 08:33:26', 0);
INSERT INTO `products` (`id`, `name`, `slug`, `img`, `price`, `year`, `odometr`, `engine`, `transmission`, `description`, `recommended`, `category_id`, `created_at`, `updated_at`, `views_count`) VALUES
(876, 'consequuntur natus voluptate', 'consequuntur-natus-voluptate', 'https://loremflickr.com/320/240', 25.41, 1991, 123772, 'diesel', '2WD', 'Dolorum aut maiores voluptatem maiores pariatur consequatur qui. Non labore exercitationem inventore nihil mollitia. Et soluta possimus facilis quod omnis rerum.\n\nIllo doloremque recusandae sunt sunt similique adipisci. Sapiente laboriosam ullam repellendus occaecati. Ipsam consequatur doloribus iusto ut similique.\n\nCorporis optio repudiandae qui illo aut nobis. Debitis enim deserunt pariatur quia qui architecto. Est quos optio cupiditate.', 1, 31, '2020-09-12 08:33:26', '2020-09-12 08:33:26', 0),
(877, 'est corrupti possimus', 'est-corrupti-possimus', 'https://loremflickr.com/320/240', 2.28, 2018, 12954, 'diesel', '2WD', 'Consequatur aperiam iusto minima cupiditate molestiae quo. Voluptatem odit officia ipsum labore pariatur qui deleniti. Non dolores perspiciatis nihil. Quisquam voluptate consequatur ipsa.\n\nHarum optio soluta voluptatum. Minus earum delectus blanditiis iste harum officia. Neque aut quasi soluta in quae iure earum.\n\nModi laboriosam maxime est voluptas. Deserunt repellat enim error asperiores ut omnis. Tempora incidunt neque in ea. Ab consequatur qui minus iste.', 0, 31, '2020-09-12 08:33:26', '2020-09-12 08:33:26', 0),
(878, 'est dolore qui', 'est-dolore-qui', 'https://loremflickr.com/320/240', 58.00, 2004, 27290, 'diesel', '2WD', 'Facere voluptatem consequatur recusandae alias vitae doloremque ad vero. Sed officia possimus id omnis sapiente eos aut.\n\nEt ut velit quod corrupti corrupti quia veniam. Officiis odio aliquid et explicabo commodi cumque.\n\nOfficia quibusdam rem corrupti quaerat aut assumenda molestiae. Natus qui reiciendis non aut voluptas nisi. Quaerat similique nobis soluta cum tempora fuga non aut. Sit harum facere ipsam dicta aliquam necessitatibus facilis.', 1, 32, '2020-09-12 08:33:26', '2020-09-12 08:33:26', 0),
(879, 'fugiat facilis dolore', 'fugiat-facilis-dolore', 'https://loremflickr.com/320/240', 44.30, 2020, 9231, 'diesel', '2WD', 'Qui harum non rerum voluptate. Unde occaecati recusandae beatae quo. Quas et est inventore. Numquam ratione voluptatem tempore nam.\n\nNesciunt tempora dolore voluptatem laudantium delectus reprehenderit in. Dolor ad perferendis nihil maxime unde. Consectetur dolor officiis accusamus.\n\nItaque consequatur et voluptatibus iusto non. Amet saepe tempora aut. Nam nihil est ipsam aut quo. Rerum voluptas aut aut non quisquam et. Quia eum error dignissimos nemo quae.', 0, 33, '2020-09-12 08:33:26', '2020-09-12 08:33:26', 0),
(880, 'et mollitia molestiae', 'et-mollitia-molestiae', 'https://loremflickr.com/320/240', 46.99, 2014, 144487, 'diesel', '2WD', 'Saepe voluptatem et deleniti quo. Dolorum atque voluptas modi provident sunt dolor adipisci. Amet sunt aut omnis. Eaque laudantium reprehenderit repellat ut deleniti fugiat laudantium eaque. Est aspernatur eos illo est sed.\n\nQuia nam non sapiente eum dolor sit. Minus excepturi quo dolores rerum. Est distinctio id voluptatibus saepe.\n\nEt voluptates ratione debitis saepe accusantium sit adipisci. Aperiam itaque amet libero. Sunt culpa atque quam est nostrum dolor.', 1, 32, '2020-09-12 08:33:26', '2020-09-12 08:33:26', 0),
(881, 'consequuntur dolorem doloremque', 'consequuntur-dolorem-doloremque', 'https://loremflickr.com/320/240', 57.15, 2008, 182975, 'diesel', '2WD', 'Saepe officia inventore at et. Dicta incidunt fuga consequuntur corporis aliquid et. Voluptates eum est et aperiam excepturi.\n\nExercitationem sed adipisci consequatur ut numquam. In numquam laboriosam voluptas. Nobis quia dolores similique et.\n\nQuis facilis nisi et est quasi. Ut provident unde fugit aut.', 0, 33, '2020-09-12 08:33:26', '2020-09-12 08:33:26', 0),
(882, 'reiciendis ut eius', 'reiciendis-ut-eius', 'https://loremflickr.com/320/240', 9.46, 1993, 93556, 'diesel', '2WD', 'Quibusdam aliquam magnam id aspernatur. Ex ut ea sunt optio commodi. Dolor tempora expedita ducimus voluptate perferendis.\n\nPossimus reiciendis qui accusantium rerum. Non explicabo non quam quisquam quis ab. Quisquam magni et quia accusamus adipisci.\n\nDebitis esse quo nesciunt optio dolorum. Maxime velit odit magni magnam harum voluptas. In quia consequuntur suscipit nihil consequuntur.', 0, 31, '2020-09-12 08:33:26', '2020-09-12 08:33:26', 0),
(883, 'ab unde qui', 'ab-unde-qui', 'https://loremflickr.com/320/240', 66.43, 2001, 47523, 'diesel', '2WD', 'Autem quia occaecati unde reiciendis ipsa libero. Hic harum quia eum perspiciatis dolore aliquam eligendi. Voluptatem et quos alias quia a. Quo tempore doloremque ipsa dolores. Facilis nemo fuga modi aspernatur esse corrupti voluptatem.\n\nIure quia incidunt eum blanditiis tempore reiciendis magni. Qui vel dolorem a iure molestiae doloribus commodi nihil. Consequatur exercitationem perferendis voluptatem quis ipsum. Totam maxime similique reprehenderit.\n\nAccusantium est ut et amet. Ut id ducimus repellat in nulla. Dolor quasi non omnis placeat. Ut mollitia possimus animi a rerum est ipsum eos.', 1, 32, '2020-09-12 08:33:26', '2020-09-12 08:33:26', 0),
(884, 'dolorum asperiores quos', 'dolorum-asperiores-quos', 'https://loremflickr.com/320/240', 38.86, 1983, 64965, 'diesel', '2WD', 'Molestiae aut nam pariatur sit deleniti ipsa asperiores. Quia eum dignissimos quidem rem est beatae. Amet possimus impedit quos voluptatibus. Ut qui qui quos reprehenderit sunt amet facere beatae.\n\nIpsa et aut sit esse suscipit quaerat. Dolore maiores sed et aliquid. Dolores quia aut tempore earum ex libero voluptatum. Omnis vel non iusto.\n\nIste occaecati perspiciatis dolor voluptatem id non. Quibusdam repellendus cumque rem et. Consectetur itaque temporibus et iure.', 0, 32, '2020-09-12 08:33:26', '2020-09-12 08:33:26', 0),
(885, 'corrupti aut sunt', 'corrupti-aut-sunt', 'https://loremflickr.com/320/240', 7.76, 1985, 29800, 'diesel', '2WD', 'Est aut culpa sed id laudantium voluptatem. Ex suscipit impedit qui necessitatibus enim. Commodi facilis blanditiis est corporis. Laboriosam quo voluptatum aut nesciunt perspiciatis. Labore est non et atque quo fugit itaque dolorem.\n\nAspernatur inventore non itaque est et ducimus. Sequi accusantium aut qui distinctio repellendus aperiam debitis. Laboriosam enim voluptates cupiditate.\n\nMagnam quia excepturi dolor recusandae rerum fugit nam. Rerum pariatur ex pariatur sunt.', 1, 33, '2020-09-12 08:33:26', '2020-09-12 08:33:26', 0),
(886, 'aliquam est similique', 'aliquam-est-similique', 'https://loremflickr.com/320/240', 74.00, 1971, 83844, 'diesel', '2WD', 'Enim eos vitae ut nulla totam. Illo voluptatum at voluptatem pariatur quaerat architecto. Occaecati molestias delectus non nemo quia dolor.\n\nUt maiores sint ipsum recusandae fuga similique. Omnis sunt est assumenda impedit vero. Reiciendis voluptas qui omnis voluptatem illum omnis. Et qui sed necessitatibus aut amet aut.\n\nEst sit aut est quam porro qui. Aut in provident nulla neque recusandae suscipit earum est. Enim maiores unde voluptatum et vero. Qui cumque eum nisi quia aliquam provident.', 0, 33, '2020-09-12 08:33:26', '2020-09-12 08:33:26', 0),
(887, 'praesentium ea consequatur', 'praesentium-ea-consequatur', 'https://loremflickr.com/320/240', 50.86, 2006, 141752, 'diesel', '2WD', 'Dolorem sapiente aut dolores esse vel aut cupiditate. Tempora illo eos eos cumque eos. Vero eos culpa perferendis alias et et optio.\n\nBlanditiis dolorum qui doloribus officiis expedita perspiciatis sed minima. Rerum sit sit nisi et sit.\n\nLaborum iusto voluptatum est. Magnam ut veritatis quos voluptatem voluptas ut quis. Saepe minima et beatae dignissimos est in nam. Odio qui veniam consequatur ratione consequuntur dolores sed. Dolores sit sint nobis consequatur sint et.', 1, 31, '2020-09-12 08:33:26', '2020-09-12 08:33:26', 0),
(888, 'distinctio est enim', 'distinctio-est-enim', 'https://loremflickr.com/320/240', 94.81, 1980, 29662, 'diesel', '2WD', 'Nulla exercitationem voluptate ut illo dolores. Corporis voluptatem quia qui quia eius officiis. Libero neque et nobis voluptas.\n\nQuia architecto unde at dolor. Sunt voluptas a eveniet deserunt sequi. Dolorem quibusdam amet magnam consequuntur excepturi ut aut harum. Dolore est delectus eum consequatur dolorem dolore.\n\nIpsa earum magnam quis a tempore. Itaque est recusandae rerum debitis aliquam omnis.', 1, 31, '2020-09-12 08:33:26', '2020-09-12 08:33:26', 0),
(889, 'odio quia ut', 'odio-quia-ut', 'https://loremflickr.com/320/240', 16.91, 2011, 176394, 'diesel', '2WD', 'Quasi repellat recusandae fugit magnam sed quis omnis. Officiis quas non accusantium. Culpa quia in eos quod.\n\nQuis et cupiditate enim cum. Quo consequatur nostrum aut odit vel est aut. Recusandae soluta dolorum ipsa velit sed voluptatem iste.\n\nAut beatae labore qui repellat. Sit aliquid beatae qui reprehenderit quam nemo. Numquam aut illum enim officia. Tenetur eaque sunt sit sit alias.', 1, 33, '2020-09-12 08:33:26', '2020-09-12 08:33:26', 0),
(890, 'eveniet incidunt quo', 'eveniet-incidunt-quo', 'https://loremflickr.com/320/240', 97.01, 2014, 89560, 'diesel', '2WD', 'Voluptate odio sed repudiandae ipsam. Sequi molestiae sequi cupiditate. Laborum magni quas rerum autem. Quo aut id facilis vel in laboriosam.\n\nQui dolores recusandae accusamus ea harum ipsa sed. Qui reiciendis atque voluptate sequi laborum et quae. Doloribus facilis voluptates tempore suscipit odio nam ut.\n\nNeque qui impedit eos aut voluptate quas. Dicta necessitatibus voluptas ut enim rerum. Nostrum vero cumque eum qui libero quisquam.', 1, 31, '2020-09-12 08:33:26', '2020-09-12 08:33:26', 0),
(891, 'minima sed eveniet', 'minima-sed-eveniet', 'https://loremflickr.com/320/240', 87.45, 1980, 71480, 'diesel', '2WD', 'Voluptate omnis rerum aliquid qui laborum. Aliquam et distinctio animi aut perspiciatis.\n\nSaepe voluptatem exercitationem qui consectetur mollitia ad. Quis quis nesciunt error tempore consequatur.\n\nAut vel id commodi saepe quidem at. Consequatur itaque et cupiditate. Culpa et nam mollitia commodi voluptatem unde officiis.', 0, 31, '2020-09-12 08:33:26', '2020-09-12 08:33:26', 0),
(892, 'rerum explicabo et', 'rerum-explicabo-et', 'https://loremflickr.com/320/240', 38.72, 1999, 120491, 'diesel', '2WD', 'Aut libero iusto reiciendis tempora. Suscipit distinctio dignissimos expedita et accusamus dolores voluptates. Qui fugiat inventore et labore.\n\nQui exercitationem non quis aut omnis ut. Enim nihil eos ab commodi.\n\nExercitationem in iste quis animi. Aliquid aut hic molestiae ipsa facilis quia quas. Facilis placeat eos et excepturi harum.', 0, 31, '2020-09-12 08:33:26', '2020-09-12 08:33:26', 0),
(893, 'occaecati numquam accusantium', 'occaecati-numquam-accusantium', 'https://loremflickr.com/320/240', 72.83, 1996, 150475, 'diesel', '2WD', 'Odio commodi quia provident aut quasi aperiam quae. In possimus dolor repudiandae soluta odio ex. In cumque doloremque mollitia molestias ipsum ut.\n\nConsectetur expedita odit eos. Est repellendus itaque totam pariatur magni commodi. Dolore iste officiis unde iusto. Ut minima porro sint aspernatur.\n\nAut sit ullam itaque odio earum maiores ea ut. Debitis sit sequi inventore impedit maxime est repellat consequuntur. Minima vel vel provident illum.', 0, 33, '2020-09-12 08:33:26', '2020-09-12 08:33:26', 0),
(894, 'nisi modi et', 'nisi-modi-et', 'https://loremflickr.com/320/240', 36.05, 1981, 26445, 'diesel', '2WD', 'Culpa aut magni odit facere. Repellendus hic totam ut et esse. Molestiae blanditiis minima voluptatem fugiat eos dignissimos doloremque.\n\nAb asperiores sit nulla doloremque blanditiis assumenda optio. Aut est temporibus blanditiis. Omnis similique odit aut rerum. Et natus voluptate a id dolorem deleniti.\n\nQuia nostrum a quos natus eius voluptatem. Omnis perspiciatis voluptas ut voluptas expedita error sit. Sunt enim sit sunt soluta. Ab dolor officia et perspiciatis exercitationem in non. Ut repellat id temporibus.', 0, 33, '2020-09-12 08:33:26', '2020-09-12 08:33:26', 0),
(895, 'qui vero aliquam', 'qui-vero-aliquam', 'https://loremflickr.com/320/240', 39.49, 1999, 161386, 'diesel', '2WD', 'Laboriosam adipisci est saepe sed. Laborum et doloribus sit similique eum explicabo quam rerum. Aperiam a excepturi tempora placeat laboriosam ullam.\n\nQuia exercitationem accusantium mollitia quaerat. Repellendus perferendis sit neque cupiditate optio harum earum. Et voluptatibus repellendus perferendis asperiores.\n\nId sit ut incidunt accusantium aut odio ducimus. Dolores occaecati occaecati explicabo aperiam. Non alias mollitia animi reiciendis. Nesciunt in molestiae blanditiis quia.', 1, 33, '2020-09-12 08:33:26', '2020-09-12 08:33:26', 0),
(896, 'fugiat earum non', 'fugiat-earum-non', 'https://loremflickr.com/320/240', 77.72, 2018, 91636, 'diesel', '2WD', 'Quia ullam laboriosam expedita voluptatibus. In magni consequatur et nemo. Qui sed optio voluptatem odit.\n\nExcepturi hic enim incidunt et tempore non dignissimos. Consectetur dolores magnam molestias quia. Et placeat eaque sed saepe cum.\n\nDicta sunt quos debitis maiores nesciunt officiis recusandae. Ut numquam sapiente veniam cum ducimus eum cupiditate. Expedita qui itaque vitae.', 1, 33, '2020-09-12 08:33:26', '2020-09-12 08:33:26', 0),
(897, 'aut qui doloribus', 'aut-qui-doloribus', 'https://loremflickr.com/320/240', 7.02, 1983, 197735, 'diesel', '2WD', 'Vitae sint odit animi dolorem et animi sed. Provident dolore id natus ipsa ex placeat. Dignissimos a vel quis mollitia.\n\nEnim et sit sequi vitae minima officia. Omnis aperiam libero et numquam porro. Veniam incidunt et omnis molestiae dolor temporibus ipsam. Recusandae est voluptas natus dignissimos quia.\n\nConsequatur voluptatibus aut et qui. Optio nostrum quo quisquam modi reprehenderit excepturi libero. Est quia laborum harum eaque id.', 0, 32, '2020-09-12 08:33:26', '2020-09-12 08:33:26', 0),
(898, 'et ut autem', 'et-ut-autem', 'https://loremflickr.com/320/240', 40.51, 1985, 153238, 'diesel', '2WD', 'Molestiae aut voluptas id et perferendis optio consequatur consequatur. Dolorem quisquam eum omnis harum corporis. Incidunt quidem aut iste voluptatem. Et est et eum magnam sed aut ratione quisquam.\n\nUnde non omnis sint voluptatem sit. Explicabo saepe soluta fuga officiis. Quia animi dignissimos non quae quod aut. Eum ea explicabo qui reiciendis rerum placeat.\n\nUnde praesentium mollitia aperiam consequatur. Ipsa ad architecto doloribus sapiente ex dolorem. Est corporis dicta iusto voluptates. Minima quis fugit similique similique ratione.', 1, 32, '2020-09-12 08:33:26', '2020-09-12 08:33:26', 0),
(899, 'officiis adipisci et', 'officiis-adipisci-et', 'https://loremflickr.com/320/240', 91.87, 1979, 66083, 'diesel', '2WD', 'Non omnis deleniti cumque perferendis qui minima. Ab occaecati vel et. Ea provident deleniti qui deleniti labore.\n\nOmnis in vero voluptatum accusantium. Consequuntur cum eius repudiandae eos. Corporis consequatur reprehenderit eos harum explicabo.\n\nVel est voluptate eos. Qui mollitia qui pariatur vel officiis necessitatibus similique. Et aut laborum repudiandae cumque.', 0, 32, '2020-09-12 08:33:26', '2020-09-12 08:33:26', 0),
(900, 'non exercitationem perferendis', 'non-exercitationem-perferendis', 'https://loremflickr.com/320/240', 73.34, 1977, 92532, 'diesel', '2WD', 'Quaerat quisquam expedita sit atque sed modi voluptatem. Non et ullam veniam incidunt ipsa voluptatem natus. Aut corporis qui quibusdam molestias minima.\n\nNeque aliquam voluptas amet. Ipsum dolorem qui nobis. Sit eos autem ducimus rerum.\n\nUt omnis aut temporibus nisi sint sequi. Nihil vitae vel aut ducimus earum. Laboriosam temporibus ad doloremque consequuntur dolores.', 0, 31, '2020-09-12 08:33:26', '2020-09-12 08:33:26', 0);

-- --------------------------------------------------------

--
-- Структура таблицы `reviews`
--

CREATE TABLE `reviews` (
  `id` bigint(20) UNSIGNED NOT NULL,
  `review` text COLLATE utf8mb4_unicode_ci,
  `user_id` bigint(20) UNSIGNED DEFAULT NULL,
  `product_id` bigint(20) UNSIGNED DEFAULT NULL,
  `created_at` timestamp NULL DEFAULT NULL,
  `updated_at` timestamp NULL DEFAULT NULL
) ENGINE=InnoDB DEFAULT CHARSET=utf8mb4 COLLATE=utf8mb4_unicode_ci;

--
-- Дамп данных таблицы `reviews`
--

INSERT INTO `reviews` (`id`, `review`, `user_id`, `product_id`, `created_at`, `updated_at`) VALUES
(1089, 'Amet sapiente nihil vero dolores repellendus. Voluptas voluptatem unde est autem. Delectus repudiandae reprehenderit assumenda autem aperiam. Aut nostrum velit eum consequatur laboriosam.\n\nAdipisci quod harum et sint. Quis aut adipisci ipsum ipsam mollitia sit asperiores. Rerum autem nisi omnis voluptatem optio. Eos ad culpa unde veritatis quia numquam.\n\nQui blanditiis numquam ea non. A eius qui possimus dolorem cupiditate quo. Suscipit dolores repellendus quae fugiat dicta nulla. Perferendis illum sunt provident id.', 11, NULL, '2019-06-21 06:44:57', '2020-09-07 15:02:39'),
(1090, 'Animi optio autem aut et repellendus. At unde iste reprehenderit libero qui hic id. Molestias non soluta eos nemo rerum doloremque. Inventore et molestias a et.\n\nQuia incidunt iste impedit distinctio aut. Molestias illo ipsam dolor amet impedit esse. Vitae vel porro illo. Quidem distinctio eos consequatur et modi voluptatibus dolorum fugit.\n\nTempore qui in et ad accusantium porro. Enim et non voluptatem est vel eum natus. Earum aut asperiores omnis nihil distinctio odit.', 74, NULL, '2018-12-17 09:28:08', '2020-09-07 15:02:39'),
(1091, 'Asperiores perferendis laborum repellendus eaque molestiae non consequatur doloribus. Quidem sed architecto dicta quis porro. Dicta a eaque quidem sit odio cumque. Rerum vel veritatis dolores est deleniti cupiditate excepturi sed.\n\nEst perspiciatis ut illo cum blanditiis reprehenderit. Ut repellendus nemo temporibus eaque deserunt recusandae. Et saepe commodi optio doloremque deleniti. Eum placeat molestiae voluptatem et veniam ut.\n\nPorro voluptate illo qui suscipit aperiam. Excepturi quia voluptate consequatur aut fugit sint omnis delectus. Perspiciatis atque nobis ipsum nisi saepe inventore aspernatur error. Odio aliquam illum repellendus distinctio repellendus animi.', 74, NULL, '2015-10-18 14:06:20', '2020-09-07 15:02:39'),
(1092, 'Voluptatibus totam voluptatibus ut quo esse. Quidem ex consequatur sit architecto aliquam ullam dolorum quaerat. Repudiandae facere fuga est aut explicabo dolor dolorum. Velit vitae soluta vel dolor.\n\nRatione laudantium doloribus dolor dolorum. Cupiditate quisquam inventore qui itaque tempora qui.\n\nNon qui animi nemo dignissimos officia. Sed error atque exercitationem consequatur.', 83, NULL, '2017-04-05 22:52:32', '2020-09-07 15:02:39'),
(1093, 'Est cupiditate at perferendis accusamus architecto. Consequatur aut adipisci corrupti iste adipisci eos. Qui occaecati unde qui inventore placeat aut quis tempora. Odio aut beatae laboriosam id aliquid et voluptatem.\n\nBlanditiis quaerat voluptate dicta magni. Ipsum aut asperiores dignissimos quo. Sit quasi magnam saepe ut eos cumque. Labore omnis voluptates dicta quia.\n\nEt officia sint nisi voluptatem soluta. Repellat vel voluptas numquam et. Ut quo architecto perferendis atque illum.', 13, NULL, '2015-02-14 05:31:01', '2020-09-07 15:02:39'),
(1094, 'Quam eos praesentium eum ut doloribus. Eveniet deleniti illo aperiam asperiores. Veniam aut vitae veritatis aliquid et.\n\nEt exercitationem ut officiis voluptatibus sed illo. Nam rem quasi eos laborum adipisci. Quia et ex esse rerum et dicta architecto.\n\nEaque et iusto dolor earum provident temporibus quia deserunt. Est culpa est culpa harum et quasi. Consequatur consectetur optio laudantium tempore error id sint. Aut occaecati animi ut et. Harum nihil cupiditate expedita.', 80, NULL, '2016-10-29 00:22:52', '2020-09-07 15:02:39'),
(1095, 'Placeat consequatur qui sapiente dolor. Error culpa aut et repudiandae maiores consequatur voluptate. Expedita est officia quisquam dignissimos voluptatibus possimus corporis. Sunt non et repellat aspernatur voluptas corrupti sunt.\n\nDolorum aut vel nihil sed sint omnis. Molestias maxime dolor similique atque vero. Quisquam illum omnis dicta. Quasi mollitia labore veritatis est blanditiis.\n\nAut nihil aut fuga quos. Magnam exercitationem nostrum officiis. Laboriosam officiis nulla aut et non.', 78, NULL, '2017-01-11 12:10:50', '2020-09-07 15:02:39'),
(1096, 'Rerum recusandae non consequatur quidem quae aut itaque. Quam est odit ab facere. Cupiditate commodi totam et autem molestiae. Repudiandae nisi voluptas harum consequuntur.\n\nVoluptatibus est suscipit quo debitis. Ut et quam dolor. Animi quo culpa officiis sapiente autem omnis.\n\nOptio distinctio error accusantium. Cumque quaerat quia enim facere. Est sed cum numquam voluptas.', 80, NULL, '2017-06-07 19:02:57', '2020-09-07 15:02:39'),
(1097, 'Corrupti quos in assumenda eveniet pariatur. Ex quisquam laudantium suscipit est voluptatum quos. Rem temporibus dolorem et facere qui aspernatur dolor.\n\nQuam quia porro molestias quo aut molestiae sint. Et earum iusto nobis ut. Dolor quibusdam velit nihil ut quas id.\n\nQuae sit architecto omnis adipisci enim tempore corrupti. Rerum quia aperiam suscipit quia. Beatae reprehenderit est adipisci dignissimos.', 80, NULL, '2015-04-28 06:00:34', '2020-09-07 15:02:39'),
(1098, 'Sequi laborum consequatur qui aliquid. Aut commodi atque asperiores id et tenetur. Et ducimus itaque voluptates corporis.\n\nEt dolor sint ut. Et excepturi maiores omnis ducimus qui voluptatem culpa ut. Quam nesciunt aut natus sed.\n\nCulpa sint asperiores nihil dicta quia consequuntur quibusdam. Assumenda voluptatem rerum aut vitae qui. Ab eos veritatis autem eaque necessitatibus qui id. Molestias porro optio non consequatur. Autem optio non in cupiditate.', 82, NULL, '2018-08-22 04:23:25', '2020-09-07 15:02:39'),
(1099, 'Ut deserunt molestiae voluptate est officiis rerum et. Error doloribus accusamus et libero similique maiores a incidunt.\n\nImpedit voluptate perferendis aliquam qui dolor dicta nobis laborum. Sint non laudantium aut impedit voluptas. Laboriosam porro amet sapiente aut ipsam perferendis id.\n\nBlanditiis asperiores reiciendis odio eius quaerat corrupti ratione. Quis pariatur eum et aut laborum assumenda. Aut incidunt quasi et quo voluptate labore. Tempore est iste voluptatem omnis voluptatem quas.', 78, NULL, '2019-03-22 08:34:26', '2020-09-07 15:02:39'),
(1100, 'Ut quibusdam quis voluptas voluptates animi rerum omnis. Aut quas sapiente ut.\n\nUt dolor dolorem a repellat. Quia quas libero qui laudantium consequatur sed incidunt. Temporibus excepturi molestiae exercitationem odio est natus.\n\nQui sit voluptas ullam consequuntur iste iusto. Cupiditate et recusandae harum non. Molestiae provident fugit eligendi eum iste cupiditate. Perferendis eum tempore sunt quidem amet.', 76, NULL, '2016-07-29 20:39:07', '2020-09-07 15:02:39'),
(1101, 'Assumenda culpa minima sint laborum et. Sunt est vel et mollitia. Fugiat suscipit ducimus amet omnis laboriosam quo.\n\nEos nisi deleniti et neque voluptatem omnis. Molestias facilis est est ut.\n\nUt nisi qui repudiandae saepe dicta debitis et doloribus. Et qui velit eaque vel eos repellendus sapiente. Consequatur explicabo cum nesciunt qui ut.', 74, NULL, '2018-08-08 00:41:31', '2020-09-07 15:02:39'),
(1102, 'Rerum deleniti nemo aperiam eligendi molestias assumenda. Aut facere et placeat velit illum quia qui temporibus. Et sed molestiae error consequuntur quisquam. Vel magni aperiam consequatur et qui.\n\nQuam provident ex omnis fugit suscipit id. Pariatur aut excepturi velit. Qui est eos dolore eligendi velit.\n\nVoluptas doloribus illo dolorem voluptas at et. Necessitatibus quasi doloribus dolorem doloremque ipsam sequi quis. Ipsa quo ipsa quia magni iste commodi.', 82, NULL, '2016-03-06 19:45:05', '2020-09-07 15:02:39'),
(1103, 'Voluptatem fugit expedita cum deleniti. In nesciunt eum minus quia porro temporibus eligendi. Perspiciatis voluptatem at non omnis aliquid voluptatem. Quis sapiente maxime ducimus minus itaque sed consequuntur.\n\nOdit repellendus deserunt reprehenderit libero. Quis sequi odit ea vitae. Ullam qui aperiam non vel aspernatur ipsam.\n\nEt unde illo id recusandae aperiam. Assumenda molestiae amet iure modi voluptatem ab. Id nam est aut error accusantium aut voluptas.', 83, NULL, '2017-01-22 14:03:17', '2020-09-07 15:02:39'),
(1104, 'Qui soluta qui repellat assumenda. Optio labore voluptatem iure quis. Accusamus earum inventore sit illum autem.\n\nMollitia delectus tenetur ut veritatis earum nostrum dolores excepturi. Voluptas facilis aperiam veniam fuga. Et architecto vel perferendis sed vel. Non iure et adipisci quas. Pariatur non et commodi.\n\nIste voluptas aliquid sed et quo. Mollitia consequatur deleniti atque quia. Tempore ea adipisci aut. Aliquid qui voluptatem eveniet ut non tempore enim.', 74, NULL, '2015-01-14 01:38:45', '2020-09-07 15:02:39'),
(1105, 'Est facilis velit ut accusantium deserunt. Id ducimus rerum eaque magni nemo modi. Est dolores odit atque quaerat.\n\nOmnis soluta culpa quidem dolor suscipit. Non dignissimos qui ipsum explicabo officiis animi. Animi laborum et fugit et et veniam. Doloremque iure quia vel in maxime.\n\nPlaceat sit ad occaecati consequuntur ab. Nam voluptates exercitationem fugiat quia aliquid. Qui numquam dolore vitae dolores voluptatem fuga odit. Ut qui voluptate tenetur natus.', 78, NULL, '2019-10-24 18:54:21', '2020-09-07 15:02:39'),
(1106, 'Repellat rerum numquam ipsam dolor voluptate et. Dolorem maiores cumque quaerat tempore. Alias aut dolorem dolor ratione. Commodi sunt rerum minima.\n\nDeserunt facilis enim consequatur atque asperiores quidem. Ut sit recusandae explicabo totam nesciunt et. Sit architecto qui quos et est molestiae culpa. Ut omnis minima impedit ea magni impedit autem.\n\nQuia incidunt eaque delectus occaecati eaque blanditiis. Qui accusamus et nihil qui. Architecto quis blanditiis sit eos mollitia.', 13, NULL, '2018-01-08 00:21:56', '2020-09-07 15:02:39'),
(1107, 'Ratione libero excepturi ut odit magnam magnam et. Qui pariatur sint dolores velit fuga ducimus. Non et ab perferendis et labore harum eos.\n\nAd eligendi explicabo doloremque nulla harum consequuntur. Saepe ad omnis et. Repudiandae earum incidunt dignissimos maiores at. Laudantium qui iste dicta velit nulla. Autem alias et delectus vero enim qui inventore.\n\nDelectus nostrum in nostrum magnam rem enim recusandae nisi. Qui ipsum a laudantium dolorum. Laboriosam rem laborum est ut aut.', 75, NULL, '2019-12-26 04:20:08', '2020-09-07 15:02:39'),
(1108, 'Omnis qui ut rerum consectetur illum qui. Ea qui aut incidunt. Repellat magni laboriosam officiis ducimus consequatur aperiam mollitia. Amet adipisci voluptatem tempore nulla dolorem qui qui.\n\nQuae amet est earum soluta. Optio perferendis qui ipsa rem eum. Neque quibusdam dolores culpa repellendus minima nemo. Rerum placeat nobis saepe quos alias.\n\nQuia laudantium accusantium iste consectetur. Laudantium expedita et voluptas veritatis in. Sed quod at cum rem debitis esse voluptatem vero. Nihil est aut consequatur beatae veniam rerum.', 76, NULL, '2018-10-15 23:19:27', '2020-09-07 15:02:39'),
(1109, 'Quam placeat cum ut nihil. Ducimus ut sapiente mollitia vero quam. Et molestiae pariatur fugiat necessitatibus culpa repellendus ipsam.\n\nQuis delectus voluptatum inventore aspernatur vitae magni quasi. Consectetur quis perspiciatis illo quam voluptas excepturi sed. Beatae laborum aut exercitationem velit voluptas expedita sapiente adipisci.\n\nEnim voluptas reprehenderit minus illo. Doloremque voluptatem voluptatem et totam iure omnis libero. Veritatis repudiandae vitae excepturi hic sed.', 75, NULL, '2016-10-15 00:25:40', '2020-09-07 15:02:39'),
(1110, 'Inventore cum sed nemo illum. Quod aperiam necessitatibus modi ipsum praesentium a voluptas. Ducimus magnam natus ut qui perspiciatis eveniet est. Sit nostrum dolor consequatur est qui est.\n\nQuo voluptatem ut consequatur tempore eum aut. Impedit voluptate quis enim molestiae iste similique exercitationem. Enim aut eos consequatur explicabo. Magni molestiae voluptas exercitationem eos.\n\nFuga vero placeat sunt ducimus necessitatibus numquam sequi. Et suscipit qui ullam beatae sequi est adipisci. Tenetur saepe corrupti ut. Dolorem nam ut aut dolores molestiae id culpa.', 80, NULL, '2017-06-14 00:47:47', '2020-09-07 15:02:39'),
(1111, 'Expedita ullam aliquam laudantium similique. Doloremque neque quis quibusdam autem. Est rerum est alias aspernatur maxime harum eaque.\n\nFugiat vel doloremque dolores recusandae quos adipisci magni. Natus quia sint autem. Vero repellendus esse veritatis voluptas.\n\nRem molestias quo quia et. Occaecati et fugiat occaecati dolorem consequatur sunt. Voluptates rerum et voluptas quia ipsum. Omnis et voluptate non maxime impedit ut.', 81, NULL, '2019-07-29 21:55:51', '2020-09-07 15:02:39'),
(1112, 'Occaecati maxime sit minima odio est. Earum ducimus eligendi explicabo ullam suscipit ut architecto. Rem labore sit omnis enim ipsam. Vel reiciendis quae delectus possimus omnis.\n\nAspernatur voluptatum incidunt suscipit quia ipsa. Explicabo consequatur et dignissimos distinctio sapiente amet. Nihil ea sunt praesentium et et. Amet quo et reprehenderit commodi molestias.\n\nOmnis dolores ipsam illum et dolores. Laboriosam corporis odio vel quisquam temporibus repudiandae. Quos non suscipit numquam consequuntur esse itaque. Rerum voluptates repellat adipisci animi.', 74, NULL, '2018-07-07 06:26:16', '2020-09-07 15:02:39'),
(1113, 'Reprehenderit aperiam eum aut dolore eligendi doloremque nobis. Reprehenderit dolores et culpa natus labore omnis. Harum aut voluptas quod reiciendis sit voluptatum.\n\nLibero possimus excepturi in sint facere cumque sed. Repellat iusto earum neque praesentium molestiae explicabo sit. Dolorum perferendis nemo est qui eligendi fugit veritatis. Vero aperiam laborum est quo asperiores.\n\nUt ut voluptate molestiae nam qui. Cupiditate enim eligendi quo veritatis autem impedit voluptatem. Dolorem et enim non in nisi sed architecto fuga.', 83, NULL, '2016-12-07 07:46:11', '2020-09-07 15:02:39'),
(1114, 'Quis id enim laboriosam tempora voluptas doloribus. Repellat magnam dolor est porro iste. Laboriosam voluptatem eos aut. Quod voluptate cum ex accusantium tempora optio earum.\n\nMinima nesciunt quia soluta non et illo tempora. Quia hic enim dolorem aperiam qui officia magnam. Sequi animi quia rem necessitatibus nobis expedita. Quibusdam tempora sit provident ullam porro ut.\n\nSimilique repellendus occaecati eos veniam iure sit est. Et neque suscipit sed eligendi illum. Voluptas in sapiente aliquid minus sed rem sint.', 77, NULL, '2017-09-29 21:31:54', '2020-09-07 15:02:39'),
(1115, 'Voluptatibus sed dicta facilis iusto molestias. Aut veniam qui aspernatur aut. Sunt quod expedita quisquam fuga.\n\nEt iste voluptas voluptatem praesentium vitae earum. Aliquam et quod voluptates sequi. Voluptatibus facilis rerum dolor.\n\nDebitis consequatur magni est velit omnis ea quae. Voluptatem facere in aut quia qui. Est et iure dolorum aut eius consequatur animi. Aut molestiae perferendis odit.', 78, NULL, '2017-03-08 10:57:37', '2020-09-07 15:02:39'),
(1116, 'Voluptatibus a suscipit harum. Et sed qui voluptas eos dignissimos deserunt adipisci veniam. Quia commodi rerum quaerat temporibus cumque.\n\nProvident quibusdam ipsum qui. Ipsam adipisci et officia et praesentium dolorum consectetur expedita. Illo ipsa quia repellendus qui distinctio ut dolores.\n\nMagnam nam nam praesentium assumenda ut quis repellat. Maxime dignissimos nihil eum deleniti. Rem aperiam perspiciatis et odio et temporibus dolores perspiciatis.', 79, NULL, '2015-06-27 21:30:30', '2020-09-07 15:02:39'),
(1117, 'Autem inventore ut voluptas aut eius alias eius. Aut aliquam et sit ratione sit. Ex rerum molestias nihil rem unde ducimus eum.\n\nSunt eveniet fugiat dolor veritatis illum et aliquid. Aspernatur totam suscipit hic repellat natus qui. Reprehenderit cumque deleniti deserunt eum totam totam quod.\n\nEt inventore quaerat placeat earum architecto dolor. Fuga facilis in eum totam consequatur est. Qui nihil excepturi dolores deserunt qui consequuntur occaecati. Animi nesciunt officia eveniet rerum. Dolorem iusto et dolor porro qui.', 75, NULL, '2015-04-22 01:15:50', '2020-09-07 15:02:39'),
(1118, 'Nihil quis autem error dignissimos blanditiis error molestias. Perferendis provident eos ullam ab architecto dignissimos. Harum qui earum dolorem vel.\n\nReiciendis vitae dolor architecto veritatis quos animi magnam. Quam qui occaecati eos rerum magnam quibusdam corporis quia. Odio non quo pariatur excepturi labore aspernatur delectus.\n\nAssumenda possimus et excepturi minima reiciendis consectetur. Ut deserunt sit consequatur vero delectus magni laborum doloribus. Et molestiae numquam distinctio sunt eius. Dolor blanditiis quia ut perspiciatis. Labore voluptates sit accusantium sed.', 79, NULL, '2015-11-16 17:12:17', '2020-09-07 15:02:39'),
(1119, 'Officia eaque qui molestiae rerum deleniti sapiente amet. In et deleniti deleniti suscipit autem necessitatibus mollitia. Perspiciatis sit deserunt vel saepe. Rerum nisi quasi ea quia exercitationem voluptates.\n\nDicta eaque nulla ducimus nihil est quia nulla. Voluptas assumenda illo tempore consequatur possimus fuga placeat. Est qui harum perferendis assumenda rerum.\n\nDolore sed et facere. Ut quos dolore explicabo distinctio ex deserunt. Quis nihil ipsa rerum sed dolor vero. Rem cumque recusandae hic quibusdam non.', 82, NULL, '2017-01-02 10:54:33', '2020-09-07 15:02:39'),
(1120, 'Libero qui sit repellendus qui doloremque sed ut. Vero aut consequatur ex eos doloribus.\n\nLabore dolorum tenetur veritatis non saepe aliquid est. Atque provident eius earum minima culpa distinctio. Harum quaerat aut est voluptate. Velit debitis ut repellendus rerum.\n\nDignissimos quae sint debitis consectetur aperiam perferendis. Ab quibusdam sunt a labore necessitatibus corrupti voluptas asperiores. Suscipit quis nam ut molestiae reiciendis recusandae autem. Dolores distinctio repellendus architecto ut nostrum aliquid asperiores.', 80, NULL, '2018-06-05 20:49:03', '2020-09-07 15:02:39'),
(1121, 'At natus animi maxime nulla. Et voluptas iusto sint corrupti qui aut et. Consequatur quo vero fuga omnis modi corporis.\n\nDoloribus magnam blanditiis voluptas eum tenetur libero accusantium. Vel aliquam impedit vero exercitationem repellendus sed.\n\nRepellat ut placeat dolor animi assumenda. Corporis eos possimus perferendis corrupti magni. Sit incidunt occaecati facilis ad labore necessitatibus alias. Neque dolore vero in eos.', 80, NULL, '2019-01-04 04:08:24', '2020-09-07 15:02:39'),
(1122, 'In voluptatibus officiis ullam quibusdam. Voluptas molestiae omnis qui quod sed quis animi. Officia pariatur minima assumenda explicabo eos voluptatem et. Quis dolor et omnis temporibus corporis est.\n\nDolore non possimus ipsam possimus molestias. Magnam ad ut non tenetur dignissimos. Magnam impedit et itaque qui veritatis alias aut molestias. Modi praesentium ratione doloribus officia perspiciatis.\n\nAliquid et quia perspiciatis neque saepe unde ut. Molestias et numquam animi reprehenderit. Qui praesentium tempora unde dolor vitae ex autem. Ex eligendi amet ut odio officia est.', 77, NULL, '2017-12-02 15:09:04', '2020-09-07 15:02:39'),
(1123, 'Dolores sint voluptas consectetur optio perspiciatis harum omnis est. Soluta iure quia nihil omnis sit eveniet. Natus et voluptas magnam eos ipsa est et.\n\nEst in ullam optio. Ut nam sit dolores quo ipsam. Perferendis beatae ipsa aliquam sequi.\n\nAd vero incidunt et iste. Iste excepturi earum sint vel libero velit.', 82, NULL, '2019-09-29 06:11:19', '2020-09-07 15:02:39'),
(1124, 'Porro quo eum neque tempora. Suscipit sint quaerat asperiores voluptas. Amet nulla suscipit maiores quidem repellendus inventore. Laborum dignissimos nihil consequatur commodi.\n\nRerum culpa repudiandae et ab et sed et facilis. Et est minus enim odio cupiditate tenetur sed. Aut sit possimus beatae voluptas facere. Molestias ipsam consequatur deserunt aliquam rem pariatur ab doloremque.\n\nEst odit harum ut itaque quia totam dolor enim. Qui occaecati in adipisci aut aut. Molestiae dignissimos voluptatum consequatur in nesciunt voluptatum accusantium. Vero adipisci quaerat vel doloremque nam rerum et.', 76, NULL, '2016-03-04 02:46:32', '2020-09-07 15:02:39'),
(1125, 'Molestiae perspiciatis asperiores ut vel adipisci ad provident. Qui corporis sed omnis cumque. Quisquam aspernatur sint eum occaecati rem quia. Error provident quia vero minus est soluta ea.\n\nSequi sequi voluptatem voluptatem. Dolores eligendi quis facilis sint nihil similique. Voluptatem quibusdam quam et fuga rerum dolorem. Soluta doloremque sequi magni qui quis velit quia omnis.\n\nAmet est illo atque amet aut ad. Animi rerum veritatis ut illum. Omnis et tenetur sint consequatur ea. Voluptas est ipsum cumque temporibus non beatae accusantium.', 77, NULL, '2015-02-13 12:41:03', '2020-09-07 15:02:39'),
(1126, 'Possimus atque ratione tempora cum quas. Cum sunt sunt qui optio. Reprehenderit saepe autem et incidunt.\n\nUt non quo a qui sit. Corporis quod tempore quo officiis qui quisquam aliquid. Neque quibusdam molestiae libero deserunt. Maxime voluptatem ut a nostrum tempore quaerat.\n\nRecusandae enim eos rerum sint aut atque vero. Minima eligendi dolor occaecati sed accusamus porro. Autem libero ut odio nesciunt nostrum illo itaque. Eius eos error reprehenderit dolor dolor optio velit.', 80, NULL, '2019-09-11 22:55:51', '2020-09-07 15:02:39'),
(1127, 'Nostrum sit architecto amet accusamus aut molestiae laudantium. Eius expedita voluptatum soluta distinctio doloribus non quod. Iste modi sit ab iure non nam. Assumenda provident impedit harum quidem amet et ipsum.\n\nConsequuntur magni inventore earum velit provident. Quod saepe minus exercitationem quis. Voluptatibus asperiores id itaque et et natus.\n\nAtque ratione quibusdam at impedit voluptas et. Sed laudantium esse et voluptatum. Et assumenda veniam repellendus quae. Amet est ullam blanditiis voluptatibus natus totam molestiae. Minima assumenda voluptatem cupiditate occaecati molestias est.', 13, NULL, '2019-07-23 23:59:23', '2020-09-07 15:02:39'),
(1128, 'Laboriosam consequatur autem voluptatem. Voluptas non quia non consectetur ipsa. Voluptatem consequatur impedit delectus optio. Et deleniti non cumque voluptatibus.\n\nCupiditate iure corrupti doloremque aut quo sequi qui. Dolorem officiis id sapiente ut voluptatem unde quidem velit. Doloribus cupiditate perspiciatis dolorum occaecati veritatis. Pariatur veritatis recusandae voluptatem et voluptas perferendis voluptates.\n\nEt in aut et. Expedita a commodi ut vel sed nulla molestias. Aliquam dolorum cumque quia inventore labore itaque quaerat perspiciatis.', 79, NULL, '2019-12-28 03:30:16', '2020-09-07 15:02:39'),
(1129, 'Illum repellendus quod autem voluptatem cupiditate ipsa aspernatur omnis. Sit libero accusantium tempore quam voluptas in excepturi perferendis. Commodi numquam nihil doloremque nostrum doloremque. Est fugit optio sed beatae.\n\nAsperiores dolorum et placeat et consequuntur minima maiores. Molestiae ea ratione et quos accusamus sed voluptatem et. Cupiditate aut necessitatibus dolorum vero.\n\nPerspiciatis aut quia nisi. Quia ipsum magnam dolor quis tempore. Sapiente est sapiente qui nobis et. Quae rem omnis voluptate non pariatur quidem.', 79, NULL, '2017-06-25 00:32:54', '2020-09-07 15:02:39'),
(1130, 'Dolor quos omnis sit impedit. Aliquam non est quisquam. Sit tenetur iusto rerum animi est. Molestiae molestias aspernatur nostrum quibusdam consectetur suscipit.\n\nNecessitatibus non et ipsam et autem amet quia. Eligendi quam et assumenda saepe. Ea quaerat laborum eaque voluptatem.\n\nSint inventore explicabo mollitia. Qui culpa ea provident nam suscipit sequi. Placeat dolor aut recusandae eum. Enim quis quo eum dolores itaque voluptatem.', 79, NULL, '2015-01-28 01:12:42', '2020-09-07 15:02:39'),
(1131, 'Dolorem vel maxime quod vero et. Non est labore placeat dicta sit. Ipsam placeat est blanditiis eum reiciendis tenetur minima quis.\n\nSint error consequatur vel saepe debitis qui magni. Possimus debitis eum quos et ut. Eveniet error omnis ut ut sit autem excepturi. Quod magni debitis officia ex neque qui quos.\n\nAutem illo non occaecati nesciunt eum eos nemo blanditiis. Quo repellendus tenetur dicta cumque ad. Nihil doloribus ad qui qui voluptas.', 76, NULL, '2019-07-22 01:12:22', '2020-09-07 15:02:39'),
(1132, 'Non qui hic aut odio asperiores magnam. Quo neque sit itaque magnam ut et. Iste laborum omnis consectetur. Asperiores sit ut voluptas facere est illum.\n\nMolestias fugit cumque laboriosam. Veniam ea vero vitae non fugit dolores ut. Accusamus beatae omnis error eos qui repudiandae. Quis deleniti ea omnis.\n\nExplicabo assumenda ea assumenda voluptatem enim. Eum praesentium velit explicabo quibusdam repellendus quae. Pariatur impedit et eos. Dolorem sit ex facilis autem at nesciunt.', 78, NULL, '2017-04-24 18:30:54', '2020-09-07 15:02:39'),
(1133, 'Culpa ut et nam cum modi. Totam vel dolores optio aut exercitationem cum repellendus quia. Quidem et minus autem deserunt ad qui quia aut. Officiis quis quibusdam voluptates ipsa. Cupiditate ipsa et sed unde ducimus voluptatem et.\n\nQui et minus sunt saepe reprehenderit ullam ea ea. Quod omnis debitis veritatis voluptate perspiciatis architecto debitis. Eum quo repudiandae qui placeat ipsam laudantium aut. Eligendi voluptatem et animi.\n\nFugiat eaque ut quis magni ut quis accusantium. Nam et hic ipsum quia inventore suscipit accusamus. Voluptatum ut consequatur repellendus laborum modi unde vero. Sit aliquid magni qui dignissimos voluptas.', 81, NULL, '2019-04-11 17:28:01', '2020-09-07 15:02:39'),
(1134, 'Sed minus illo modi. Laboriosam sit est totam eum dolor. Nisi quis accusantium facere ut suscipit. Qui nemo beatae atque reiciendis exercitationem natus.\n\nSed rem rerum distinctio in ab. Beatae modi ad et. Et molestiae ut occaecati. Ut non molestias voluptatibus.\n\nVoluptatem sapiente eos consequuntur tempora est quam exercitationem voluptate. Reiciendis cupiditate quam voluptatem rem et. Enim necessitatibus omnis ut maxime magnam alias. Totam consequatur modi harum nesciunt aliquam aut.', 76, NULL, '2018-08-15 03:37:39', '2020-09-07 15:02:39'),
(1135, 'Et adipisci itaque repellat qui. Ducimus qui earum voluptas et. Omnis nobis quod qui voluptatibus nostrum corporis eos. Corrupti nisi enim tempora vel. Corrupti mollitia odio quibusdam officia.\n\nDoloribus magni aliquid dicta molestiae doloribus autem et. Quasi voluptatum laudantium tenetur quaerat repellendus vero.\n\nIste commodi laudantium distinctio rerum sequi. Inventore consequuntur voluptatum eum nobis architecto reiciendis. Consectetur est eum nam odit.', 82, NULL, '2018-04-15 06:14:27', '2020-09-07 15:02:39'),
(1136, 'Repellendus sapiente voluptatum saepe expedita qui voluptatum cum officiis. Eum sapiente accusantium magni. Sint aliquid sit modi. Voluptates ullam reprehenderit nulla nulla.\n\nRepellat itaque consequatur fugit aut voluptate. Consequuntur fugit ut nisi dolore eaque iusto et. Sunt ab aliquid hic perferendis perspiciatis et. Impedit sit rerum qui incidunt.\n\nA et voluptas eos nisi voluptatem sed harum. Assumenda dolorem error accusantium. Corporis ratione provident et nesciunt quis officiis voluptates. Rerum illum ab officiis maiores. Qui cumque ipsa aut veniam maiores doloremque pariatur.', 82, NULL, '2015-06-04 18:05:56', '2020-09-07 15:02:39'),
(1137, 'Tempore a et voluptatum amet earum eos. Et porro doloribus quia omnis. Mollitia sed ex sed vitae consequatur. Ut expedita quasi dicta placeat mollitia repellat iste. In voluptas provident quis iure.\n\nOmnis aut dignissimos ea iure. Nulla voluptas sed quia molestiae a ex molestiae possimus. Quis repellendus voluptate qui consequatur quia sapiente quod. Quo dolorum aspernatur possimus perspiciatis et consequatur qui et.\n\nAmet ullam recusandae et. Eligendi aut eaque non cupiditate maxime autem voluptatum quidem. Vel explicabo eligendi eligendi labore dolores.', 74, NULL, '2017-12-01 16:31:07', '2020-09-07 15:02:39'),
(1138, 'Incidunt magni libero possimus error totam. Qui et blanditiis quia non aperiam. Ut omnis aut provident accusantium. Dolor est sit accusantium quia.\n\nVelit eius rerum iste unde illo quia voluptatem. Sit omnis ut ipsa eos. Esse aliquam delectus officiis. Nobis aut consequatur commodi sequi vero excepturi non id.\n\nSed sed reprehenderit sit itaque dignissimos sunt sequi. Quas sit dolores saepe non aspernatur quis. Expedita quia maiores libero sapiente dolorem.', 79, NULL, '2015-10-10 00:09:47', '2020-09-07 15:02:39'),
(1139, 'Perspiciatis culpa aut est cumque quo magni. Exercitationem excepturi iste et. Similique cupiditate eaque et. Nam perferendis dolorem soluta ut cum.\n\nConsequatur qui ea hic. Rerum quae et ut. Et quibusdam ut ex. Pariatur magni recusandae sit incidunt. Aspernatur consequuntur odit dolor possimus harum.\n\nMaiores enim et voluptas fuga quisquam necessitatibus excepturi nemo. Dolorem quis laudantium omnis dolor placeat sit. Vero autem debitis aut dolores sunt ipsum eaque.', 74, NULL, '2018-07-11 06:03:19', '2020-09-07 15:02:39'),
(1140, 'Quam pariatur est qui dolores eum doloribus et. Laborum delectus cumque odio et id. Tenetur sequi tempora ut velit ut earum sed. Consectetur ratione qui autem.\n\nDolores mollitia qui autem quo. Ad deleniti vero soluta aperiam rem necessitatibus et. Quas qui sunt id dolor totam dolores. Omnis dolore magni saepe itaque vero ea qui.\n\nEnim repellat numquam iste voluptas. Veritatis quas minima est consequuntur enim. Voluptatem sunt quisquam neque accusamus natus. Sit quibusdam sit ab tempore.', 75, NULL, '2018-06-09 01:36:49', '2020-09-07 15:02:39'),
(1141, 'Autem esse ullam adipisci exercitationem at veniam. Nemo sint aut cum dolores et consequuntur voluptatum. Quibusdam accusantium corrupti neque ea consequatur omnis delectus.\n\nHarum fuga rem rem aut. Asperiores ut numquam explicabo laboriosam vero. Tenetur qui culpa laudantium dolore qui deleniti facilis. Libero ab quasi quis.\n\nMaiores qui reiciendis sit velit omnis asperiores dicta architecto. Consectetur rem fuga inventore non quaerat quam similique. Magni nihil quidem consequuntur. Sapiente enim et et modi et officiis. Ut ab veritatis est repellendus consequatur non ducimus.', 13, NULL, '2019-06-20 15:36:47', '2020-09-07 15:02:39'),
(1142, 'Laudantium est illum sunt dolor quis. Autem ipsam magnam cupiditate sit consectetur. Corporis qui quas omnis natus et facere. Commodi ab ea officia quam ex.\n\nSint veritatis accusamus voluptas minima necessitatibus exercitationem maxime. Est id soluta sunt cupiditate. Deserunt quisquam omnis quam eius in odit. Expedita fugiat quam sint veniam aperiam eligendi totam.\n\nEveniet repellendus voluptas soluta quia iste est tempore beatae. Eaque debitis explicabo assumenda dolorum officia repudiandae. Eos et sit dolore. Quia sequi et necessitatibus quo voluptates dolor ipsum.', 80, NULL, '2019-02-12 14:53:21', '2020-09-07 15:02:39'),
(1143, 'Non officiis suscipit vel expedita enim recusandae possimus ut. Consectetur quasi aliquam et unde quos voluptatibus qui. Doloribus possimus eos hic porro ut quis sequi.\n\nUllam id voluptate doloribus veniam earum. Voluptas vel omnis rerum modi. Vel et est fuga rerum autem. Qui quae reprehenderit sit inventore recusandae quisquam praesentium aut.\n\nMollitia ut aperiam sunt omnis sint veritatis sed corporis. Similique est dolor quia iste suscipit eveniet. Quis quo dolorem sit ut. Molestiae odit aliquid ea vero non.', 11, NULL, '2016-02-18 01:33:22', '2020-09-07 15:02:39'),
(1144, 'Odit mollitia nemo quibusdam nam ullam sit molestiae. Rerum consequatur aut quisquam voluptas eum. Fuga excepturi placeat dolores iusto et eum deserunt. Iure est tempora ab deleniti culpa reprehenderit maiores.\n\nEos voluptates enim neque omnis maiores. Possimus illo repellat deserunt placeat dolorum illum.\n\nEst quibusdam et blanditiis est asperiores voluptatibus. Id omnis libero molestiae saepe cumque. Omnis labore voluptatibus maxime et qui. Et autem dolore omnis hic occaecati.', 79, NULL, '2015-04-24 05:02:11', '2020-09-07 15:02:40'),
(1145, 'Sapiente hic est a est atque modi. Et rerum nihil alias quia non. Quam cupiditate nisi omnis voluptatem repellat quia voluptatem. Aut quia animi sequi aut provident quas.\n\nUt atque molestias quibusdam quae occaecati quibusdam a. Dolor esse voluptatum veniam a.\n\nOptio corrupti adipisci doloribus rerum. Laborum nesciunt quis laborum odit eius minima excepturi. Molestiae numquam voluptate totam. Rerum eligendi consequuntur veniam.', 76, NULL, '2019-04-18 09:52:52', '2020-09-07 15:02:40'),
(1146, 'Nobis libero vel est velit ea eum aspernatur. Iste laboriosam autem sint nam. Voluptates beatae quia veniam ut.\n\nVeniam fugiat voluptates qui reiciendis animi. Sed aut omnis ratione natus. Officiis a quis non fuga magnam qui et.\n\nVeniam commodi non soluta aspernatur illo. Atque maiores voluptatem ut dolor est natus. Similique nam ullam non hic sequi qui. Adipisci iure possimus odio quam explicabo iusto. Natus consequatur occaecati eveniet sed.', 76, NULL, '2016-12-12 20:35:47', '2020-09-07 15:02:40'),
(1147, 'Dolorem aperiam labore dignissimos commodi et. Animi cupiditate consequatur laborum esse mollitia nihil non. Provident dolorum voluptate at ea incidunt ea. Itaque voluptatem et unde sed corrupti nihil quia.\n\nUt numquam praesentium ab. Adipisci consequatur id necessitatibus repudiandae qui impedit non. Ipsa adipisci facere magni nostrum animi qui. Aperiam et voluptatem ut quos rerum.\n\nPerspiciatis praesentium nesciunt vero ut sequi id earum. Suscipit commodi labore recusandae eos et quo occaecati. Dolorem qui quo non minus.', 78, NULL, '2016-02-22 21:54:55', '2020-09-07 15:02:40'),
(1148, 'Sunt reiciendis pariatur praesentium nihil voluptas nostrum vero. Qui ab laudantium a porro corporis. Qui sit deleniti odit ut dolores. Omnis consequatur culpa perspiciatis nihil.\n\nEa quas tempora odio odit. Accusantium harum suscipit ad earum quam atque nobis. Fugit labore magnam quia.\n\nSunt vero sed culpa omnis. Quis hic hic laudantium vero dolorem ipsum veritatis. Fugit assumenda velit harum perspiciatis sit natus atque adipisci.', 11, NULL, '2018-07-25 02:31:35', '2020-09-07 15:02:40'),
(1149, 'Debitis eligendi sed earum eligendi alias incidunt. Non nihil doloribus repellat velit aut quia sint. Velit aut est in cum.\n\nFugiat eius distinctio qui quidem labore soluta praesentium. Rerum sit voluptate adipisci laborum nemo fugiat quo. Qui expedita architecto maiores beatae dolorum voluptas tenetur. Nulla doloribus iusto quidem excepturi.\n\nDelectus dolor ad non vitae eaque. Laborum quo vero temporibus hic. Esse at omnis voluptatem.', 77, NULL, '2017-12-04 17:15:08', '2020-09-07 15:02:40'),
(1150, 'Pariatur optio cum voluptatem aliquam accusantium reprehenderit. Quia aliquam quae et dolores explicabo. Impedit tempora saepe odit sed aperiam illo quo.\n\nIpsa architecto suscipit molestiae aut eaque labore. Autem odit ut aperiam velit. Nesciunt aliquid molestiae aperiam aut qui. Et aliquam enim maiores repellendus.\n\nQui sunt consequatur quibusdam dolorum similique et amet quod. Velit atque est sapiente corporis. Doloremque ut optio modi.', 11, NULL, '2016-12-06 23:21:11', '2020-09-07 15:02:40'),
(1151, 'Molestiae vel velit molestias ad et quam reiciendis aut. Rerum qui qui nemo voluptatem impedit iusto. Modi molestiae harum amet corrupti vitae occaecati. Sed expedita amet hic nisi soluta.\n\nAsperiores temporibus qui soluta voluptatem ut harum blanditiis. Aspernatur qui veniam doloremque qui ad ut. Reiciendis odio voluptates officia in dolorum nobis fuga eum. Ea ducimus architecto ab distinctio id placeat praesentium.\n\nOfficia laboriosam esse voluptas qui velit sint non. Distinctio sit voluptates eos quia.', 77, NULL, '2016-08-10 07:04:29', '2020-09-07 15:02:40'),
(1152, 'Sed facere est veritatis tempora. Voluptatem suscipit repudiandae molestias autem est reiciendis dignissimos. Consequatur ab ex nostrum non est necessitatibus. Dignissimos qui tempore qui velit qui qui debitis.\n\nQuia explicabo repudiandae eveniet sed voluptate nam. Quam eveniet necessitatibus numquam.\n\nAut repudiandae sequi et minima nam. Ut corrupti voluptatem autem eveniet. Molestiae magnam dolorem et eos. Tempore nihil corporis impedit accusamus.', 77, NULL, '2015-12-28 03:58:45', '2020-09-07 15:02:40'),
(1153, 'Tempore suscipit enim beatae rem rerum. Nihil animi facilis laborum est. Id dolores voluptatem eveniet doloribus voluptatem eligendi nihil. Et quia quis voluptas dolorem omnis.\n\nOdit pariatur animi earum et quasi consequuntur quam velit. Itaque est error aut blanditiis nostrum. Porro facilis magnam accusamus accusantium ut. Odio facilis minus et praesentium pariatur odit tempore.\n\nDolor tempore enim qui assumenda dolor rerum. Voluptate perspiciatis quibusdam dolorum mollitia explicabo vitae delectus. Ab necessitatibus unde sit.', 79, NULL, '2015-01-23 20:26:49', '2020-09-07 15:02:40'),
(1154, 'Dolore sed et perferendis aut quod. Et impedit quam qui nihil debitis voluptatibus. Iusto eos sed iste atque et eligendi architecto. Illum provident modi facilis.\n\nSint porro velit enim. Qui qui ea iusto fugiat et ut dicta quaerat. Hic officiis voluptatibus labore.\n\nUt cum et aperiam quae et. Provident est accusantium aut nobis placeat praesentium. Voluptatem magnam accusamus quia quibusdam sed. Asperiores placeat quod est unde ducimus eos dolorem.', 11, NULL, '2019-07-25 06:14:26', '2020-09-07 15:02:40'),
(1155, 'Quisquam eius expedita quaerat atque laborum aliquid. Voluptatem voluptatem et et ut enim tenetur. Itaque ipsa repellat adipisci pariatur ex sequi. Id ipsam magni optio ipsa ad ut error maiores.\n\nEst eos sunt tenetur. Sit eligendi expedita veritatis qui alias. Aliquid voluptatem sunt sunt aut porro rem nisi sed.\n\nEnim minima ex vel aut laborum numquam. Exercitationem autem quaerat atque id. Laboriosam iusto non maiores laborum odit.', 11, NULL, '2017-01-15 22:44:53', '2020-09-07 15:02:40'),
(1156, 'Id accusantium aut aperiam est. Laudantium ad repellat nesciunt est. Libero voluptates soluta excepturi sit et.\n\nQuis consequatur aut laboriosam nihil eligendi voluptatem illum. Qui quia omnis debitis ut et. Facilis at aperiam sint hic non beatae.\n\nVero minus et quis enim corporis. Molestias vitae perspiciatis nam ut suscipit aut molestias quae. Maxime qui laboriosam cumque quam. Quibusdam est sed et nihil qui dolor delectus quisquam.', 82, NULL, '2015-09-12 19:38:24', '2020-09-07 15:02:40'),
(1157, 'Labore consequatur ut eligendi. Et veritatis est nam cupiditate nostrum.\n\nDignissimos aspernatur nihil aut exercitationem non. Eligendi ut ut quis molestias optio. Atque tempora modi optio.\n\nSuscipit earum sit quo et praesentium temporibus quia. Ipsa sit voluptatem fugiat placeat. Accusamus quidem qui in velit molestiae quis et nemo. Esse sit iusto necessitatibus voluptas temporibus qui minima occaecati.', 81, NULL, '2017-01-25 01:08:18', '2020-09-07 15:02:40'),
(1158, 'Aut in delectus dolores occaecati et magni. Asperiores repellat deleniti consequatur quo. Dolore facere rem aut enim occaecati ut reprehenderit.\n\nDicta ut voluptas ipsum dolore. A est maiores quasi ut eveniet ut. Dicta quasi sequi odio nihil quisquam excepturi. Blanditiis sunt rerum debitis explicabo.\n\nOfficia eius cupiditate occaecati maxime. Omnis aspernatur consequatur consequatur libero iure. At ut quia fugiat dolores sit incidunt. Sed non et omnis similique aliquam voluptate.', 82, NULL, '2019-01-16 00:43:34', '2020-09-07 15:02:40'),
(1159, 'Qui enim assumenda voluptatem quia vel autem error. Hic maiores dignissimos enim laborum. Laudantium eos maiores fugiat qui facere nulla. Molestiae dolores quo aut sint voluptates labore.\n\nOptio illo nostrum aut corrupti iste reprehenderit optio. Quia fuga architecto corrupti ea minus quaerat rerum. In nihil asperiores at consequatur nisi voluptatibus optio enim.\n\nDeleniti labore natus vero commodi recusandae alias quis. Iste earum asperiores voluptate tempore repudiandae magni sed. Excepturi maiores sit nisi sit.', 83, NULL, '2019-10-29 09:32:32', '2020-09-07 15:02:40'),
(1160, 'Aut quia autem ipsa. Minus impedit dolor numquam maiores delectus ea. Necessitatibus et dolorem enim ea molestias nulla eum et. Dolores maxime omnis facilis et.\n\nEum quos aut non sed. Molestiae laboriosam est numquam id. Quam quia accusantium aspernatur officiis officiis soluta exercitationem. Ab dolores quam soluta.\n\nOptio id occaecati sunt eveniet ut. Accusantium officia fugiat numquam et. Deleniti quod optio illo quasi doloremque ullam dolor.', 74, NULL, '2018-07-21 01:46:56', '2020-09-07 15:02:40'),
(1161, 'Et ea vel totam at et ab. Modi similique facilis neque consequatur. Fuga quia velit et aperiam reprehenderit quos. Voluptatem suscipit voluptatibus beatae repellendus delectus libero.\n\nEum delectus libero ducimus quos ipsa blanditiis autem et. Molestias nulla ut porro doloremque accusamus culpa in. Totam modi sit ut omnis. Qui dolore aliquid eum quas esse asperiores dolorem velit.\n\nTempora quasi ipsa deleniti provident minus autem. Et nihil non qui in ea et.', 83, NULL, '2017-07-27 12:11:29', '2020-09-07 15:02:40'),
(1162, 'Velit excepturi qui rerum id labore aut ut. Eos repellendus saepe sit. Hic est et a nihil eum. Quo consequatur omnis ducimus et ullam similique in.\n\nAutem nam eum nihil. Eos sunt exercitationem beatae suscipit non et libero. Odit accusamus molestiae nam quia autem quae.\n\nVoluptas praesentium non ut quo error suscipit sed. Distinctio illum eos maxime quas neque neque blanditiis error.', 79, NULL, '2015-01-11 01:06:31', '2020-09-07 15:02:40'),
(1163, 'Qui sequi aut voluptatem et. Est quia sunt aut non repudiandae mollitia. Voluptatem sunt temporibus aut quaerat provident. Corrupti rerum voluptatem libero nihil ut est.\n\nExercitationem laudantium ratione qui distinctio. Exercitationem error veniam culpa.\n\nUt adipisci soluta totam cum pariatur consequatur. Perferendis at et optio cumque. Inventore quibusdam impedit aut est. Rerum aut dolores commodi et qui eligendi voluptas.', 75, NULL, '2017-06-17 06:30:46', '2020-09-07 15:02:40'),
(1164, 'Explicabo quasi dolorem accusamus eum voluptatem exercitationem et. Odio vel est perspiciatis ea praesentium dolorum eum. Dolor natus ut voluptate illum aliquid voluptatem. Nemo quidem ea magnam ex nulla ullam repellendus suscipit.\n\nCumque debitis facilis deleniti quaerat at quis deleniti. Rerum perspiciatis aut consequuntur ab eos qui voluptate velit. Quidem magnam voluptatem quisquam aut vero enim quam.\n\nFuga temporibus omnis consectetur aliquam. Atque pariatur quidem ad tempore. Ratione sit autem quaerat nulla aliquid non autem quam. Sequi porro iure dolorum molestias commodi.', 81, NULL, '2019-03-20 23:34:03', '2020-09-07 15:02:40'),
(1165, 'Quis laudantium vel consequatur molestiae occaecati id voluptas. Laborum ut vel voluptas ea fugit modi nihil. Vitae doloribus reiciendis aut.\n\nId sunt minima optio rerum iste quis eveniet nam. Aperiam ab dolores possimus architecto rerum sint.\n\nA quam aspernatur ea dicta autem harum. Consectetur fugit perferendis illo minus aut. Reprehenderit incidunt et laboriosam numquam. Qui aspernatur et distinctio ut vel sit ducimus hic.', 83, NULL, '2017-09-26 01:41:19', '2020-09-07 15:02:40'),
(1166, 'Sint sit quis rerum autem voluptates aut nesciunt. Sed voluptatem aperiam distinctio qui voluptatem natus. Voluptate exercitationem quis et labore quidem animi adipisci.\n\nPraesentium modi aut tempora nobis et. Voluptas qui iusto et exercitationem ab. Officia consequatur dignissimos error voluptas repudiandae. Officiis omnis dolore et nobis aut.\n\nMagnam culpa pariatur sint sapiente enim praesentium facilis. Corporis culpa nesciunt possimus sapiente et est impedit. Quia qui et mollitia debitis in explicabo.', 74, NULL, '2015-03-06 17:45:06', '2020-09-07 15:02:40'),
(1167, 'Rem ex eum delectus exercitationem aut blanditiis. Ad porro dolorum doloribus at. Deserunt quam ullam id at magni molestiae placeat. Maxime cum et aliquid delectus.\n\nEum odit modi temporibus voluptatem doloremque. Exercitationem et non quis. Quia voluptatem odio delectus aut occaecati non. Debitis eos autem et amet animi. Sit quasi est est consequatur perspiciatis minima impedit.\n\nVoluptatum quae expedita voluptas et eaque. Nam minima qui voluptas veniam et. Odit expedita totam architecto.', 80, NULL, '2015-04-18 10:07:28', '2020-09-07 15:02:40'),
(1168, 'Voluptas ipsa exercitationem praesentium aperiam repellat. Deleniti qui eligendi quasi est et. Aut laboriosam repellat architecto quisquam.\n\nQuia quia quaerat tempore eum sed itaque. Repellendus earum quia iusto ut molestiae expedita expedita mollitia. Quidem maxime numquam qui illo quia temporibus minima.\n\nEt molestiae enim et magnam facilis. Et ex corporis facilis est nostrum minus. Et est nulla delectus non totam quasi nulla totam. Deleniti molestiae consequatur aspernatur consequuntur.', 78, NULL, '2017-12-17 01:30:17', '2020-09-07 15:02:40'),
(1169, 'Enim quia quisquam accusamus quis quibusdam facilis. Quam ipsa illo soluta fugiat dolorem consequatur. Reiciendis dolorum possimus quo perferendis consequatur fuga. Necessitatibus nemo quae voluptatem et omnis hic et.\n\nLaboriosam voluptatem eum omnis ab pariatur voluptatem necessitatibus. In veritatis omnis et et eos quidem quidem doloremque. Fuga tempore qui doloremque doloremque. Fugiat est accusamus ab.\n\nVoluptatem distinctio maiores voluptatibus quibusdam et. Facilis doloribus qui repellendus eveniet. Modi autem quis expedita quia.', 81, NULL, '2018-08-28 11:48:14', '2020-09-07 15:02:40'),
(1170, 'Quo perferendis nesciunt autem quidem sed rerum. Est illo magni magni repellendus magni debitis consequatur. Architecto quod est et consectetur vel ut qui ut.\n\nVelit dolore odit tenetur qui aspernatur rerum dolor. Omnis unde qui ipsa. Assumenda blanditiis magnam dolor et dolor at dolores nostrum.\n\nDebitis doloribus beatae dignissimos et illo neque dicta. Molestias qui voluptatem debitis assumenda consequatur voluptatem rerum. Quo ut totam ad deserunt odit saepe.', 83, NULL, '2017-09-15 05:58:24', '2020-09-07 15:02:40'),
(1171, 'Hic ullam sed maiores quidem laboriosam saepe eius. Sit quae eligendi rerum omnis quo odio ad. Modi est labore qui totam doloremque. Blanditiis nihil sapiente enim saepe.\n\nUt natus suscipit quos molestiae neque impedit aliquid. At omnis voluptatum numquam non doloribus. Aspernatur delectus omnis veritatis reiciendis quidem commodi nam sint.\n\nIusto rerum facere repellendus quos consequatur. Iusto delectus possimus eos quis repellat vero aut. Enim consequuntur ut aut recusandae rerum. Autem ut aut explicabo aut sed.', 11, NULL, '2016-05-04 02:55:05', '2020-09-07 15:02:40'),
(1172, 'Ipsa ea exercitationem est error ut quaerat distinctio. Debitis consequuntur aut nisi repudiandae enim sunt rerum. Voluptatem assumenda in voluptatem asperiores.\n\nError iste et ipsam nulla sequi modi delectus. Molestiae cum eum repellendus vel dolorum natus inventore. Nam aut magnam quidem expedita. Nesciunt illo non nesciunt amet ut maxime blanditiis.\n\nSimilique id et deserunt voluptas distinctio facere. Veniam ad nulla sunt voluptas non voluptas. In vel unde accusamus error.', 77, NULL, '2015-01-04 13:46:18', '2020-09-07 15:02:40'),
(1173, 'Illo illo eos quia vitae. Est ipsum amet qui harum soluta hic. Officiis est quo nostrum quasi hic. Mollitia officiis sint nesciunt non.\n\nVoluptatem officiis sint eius quia quia. Dolor eligendi dolores repellendus quaerat. Necessitatibus odio dolorem temporibus sunt ut autem et.\n\nAperiam officiis enim sunt. Inventore maiores qui et sequi odio distinctio. Sapiente est voluptatem quo occaecati numquam consequatur.', 76, NULL, '2019-06-16 19:45:33', '2020-09-07 15:02:40'),
(1174, 'Omnis harum eum et voluptatem hic. Doloribus in quia quisquam et. Velit odio aut sit. Aut hic animi recusandae in molestias et itaque. Provident voluptatem quo minima eius.\n\nEaque modi accusamus earum voluptate. Vel voluptas est quo dolore vel ratione. Ut aut rem sit eum. Alias quia adipisci autem ducimus quos quidem.\n\nQui fuga soluta dolorem praesentium magni quia id. Adipisci illo et et excepturi. Aut et quis molestiae fuga beatae laborum pariatur.', 79, NULL, '2018-08-19 23:44:47', '2020-09-07 15:02:40'),
(1175, 'At eaque harum molestias pariatur nobis voluptas. Dolor minus harum placeat molestiae asperiores quis quia. Ut ad ut reprehenderit. Officiis quas mollitia voluptatem dolorum et consequatur. Non voluptate voluptas explicabo qui.\n\nDebitis omnis repellendus eveniet id. Ad doloremque quo dicta et reiciendis. Nemo excepturi corporis et quia occaecati quaerat excepturi. Ea sed culpa aut omnis neque numquam quia.\n\nEt et labore neque totam aspernatur cumque quia optio. Ut sunt recusandae velit omnis et consectetur doloribus. Corrupti recusandae quis consequatur aut autem quo. Aspernatur ut sit velit.', 76, NULL, '2016-10-02 03:17:50', '2020-09-07 15:02:40'),
(1176, 'Delectus non esse totam aperiam atque. Aliquam nulla maiores necessitatibus eligendi non ut est. Tenetur et officiis omnis mollitia quasi.\n\nAt quam laudantium magnam ut id et. Omnis voluptatem dolor eos dolore praesentium asperiores. Vel ut vitae facilis perferendis unde. Hic sit ut enim qui asperiores corrupti provident magnam. Ipsa libero ratione voluptates corrupti dolorem repellat omnis.\n\nOccaecati ut et aut labore vitae. Qui omnis quibusdam amet consequuntur velit dolore ut in. Nihil eos quo in et accusantium ut. Ratione voluptate corporis repudiandae esse sed.', 81, NULL, '2016-03-26 10:29:10', '2020-09-07 15:02:40'),
(1177, 'Aspernatur suscipit quae laborum. Qui nihil ratione magni. Ipsam quia maxime qui molestiae quisquam at sint. Aut non consequatur ab et quis repudiandae et.\n\nQuam omnis recusandae ex quia. Mollitia nemo autem et necessitatibus dicta totam. Aut assumenda esse ipsa unde. Dicta consequatur sint natus fuga.\n\nSed voluptas a iusto dolorum. Molestias nulla itaque sint qui.', 76, NULL, '2018-06-18 22:56:38', '2020-09-07 15:02:40');
INSERT INTO `reviews` (`id`, `review`, `user_id`, `product_id`, `created_at`, `updated_at`) VALUES
(1178, 'Quod aut quisquam quia impedit voluptatem voluptas. Officiis officiis incidunt sit accusamus porro deleniti. Voluptas accusamus expedita sapiente deserunt. Nihil modi nulla excepturi quibusdam quia.\n\nSunt eum ut aliquid est doloribus reprehenderit at. Quidem nisi doloremque aut minima. Fugiat quidem dolorum voluptates. Id dolore consequatur ad sed expedita ea.\n\nTenetur iusto voluptas aut debitis consectetur alias. Dolore sed quidem in ab sit eius tempora. Veritatis enim consequatur culpa sed sit.', 80, NULL, '2016-05-11 03:18:20', '2020-09-07 15:02:40'),
(1179, 'Sint voluptatem quis et totam nihil tempora similique. Quia quas doloribus itaque est quis incidunt id incidunt. Cum est voluptatibus inventore sapiente illum sit.\n\nEa aspernatur delectus odit temporibus. Necessitatibus libero repellat laboriosam. Impedit ea consequatur quidem quo asperiores illo. Ex sed omnis mollitia voluptatem eos consequatur aliquid.\n\nQuis eius possimus et qui facilis. Vel reiciendis autem magni et similique totam. Perferendis repudiandae labore eos eos pariatur ut sed. Dicta dolor occaecati repellat rerum maxime autem.', 78, NULL, '2018-06-20 20:20:48', '2020-09-07 15:02:40'),
(1180, 'Nulla repudiandae rerum adipisci. Quam doloribus libero praesentium in ipsa id eveniet. Inventore voluptas ducimus illo dicta quo culpa. Consequatur doloremque ut suscipit consequatur saepe eveniet non.\n\nEnim exercitationem ad asperiores voluptatum quae rerum. Non nostrum dolorem ullam.\n\nEligendi et expedita similique consequatur. Nesciunt qui aliquam recusandae laboriosam laudantium dolores iusto. Tempora quia voluptatum eaque rerum. Laboriosam ut quia deleniti.', 76, NULL, '2019-02-27 21:33:43', '2020-09-07 15:02:40'),
(1181, 'Quia soluta corrupti quo tenetur atque. Qui est in incidunt asperiores voluptates ducimus. Distinctio quisquam modi voluptas sed voluptatum. Voluptas id nesciunt provident.\n\nSimilique et maiores ullam qui labore cupiditate. Et ut a cupiditate sed.\n\nAsperiores et sunt eos accusantium dolorum nihil. Porro expedita quidem accusamus minima aperiam omnis. Atque aperiam illo doloribus corporis repellat quae. Repellendus ab minima est libero et rerum.', 76, NULL, '2017-07-24 00:03:42', '2020-09-07 15:02:40'),
(1182, 'Architecto et a omnis optio officiis. Quasi ut nemo incidunt rem. Ipsum enim eum ut asperiores molestiae aut et. Quam ex sed pariatur.\n\nAut doloremque dicta et saepe atque reprehenderit. Necessitatibus et voluptas animi. Omnis dolore ratione eum voluptatibus natus.\n\nAssumenda ut suscipit ab officia dolor facilis. Hic quo dolorem et et iste atque. Sed rerum voluptas temporibus vel nesciunt quia recusandae. Voluptas vel aspernatur dolores.', 83, NULL, '2018-03-20 23:59:16', '2020-09-07 15:02:40'),
(1183, 'Dolorum quia et alias sed. Dolorem error eaque et facere sit sint porro. Voluptas sint in hic facilis voluptates suscipit. Consectetur necessitatibus non sunt id.\n\nDignissimos doloribus voluptates labore totam recusandae aut. Non animi eos unde rerum eos magni. Expedita error qui sit fugiat mollitia rerum rerum. Ut enim asperiores quo assumenda qui ut.\n\nId est adipisci ullam consectetur voluptatem enim expedita. Ullam totam qui repellat ut ex aperiam ut. Suscipit architecto iure facere aut dolorum optio velit.', 11, NULL, '2016-02-04 23:48:08', '2020-09-07 15:02:40'),
(1184, 'Architecto nemo iure placeat et. Et quidem dolorem vel nihil et maiores facere.\n\nMollitia iure qui vel. Asperiores corrupti ipsam suscipit et expedita. Quo non necessitatibus accusantium voluptatem omnis et illo. Et et magni voluptatem dolorum fugit in.\n\nExpedita consequuntur nesciunt nemo temporibus provident aperiam est fugit. Voluptates voluptate pariatur eius. Magni maiores voluptatem dolores perferendis nemo.', 83, NULL, '2019-12-26 10:36:16', '2020-09-07 15:02:40'),
(1185, 'Et voluptas quasi nobis ducimus sit. Voluptas eos voluptates quibusdam in eaque nisi. Tempora iusto sunt magnam vel. Minus et quis iusto id praesentium illo autem quod. Consectetur dolor quisquam consequatur laborum et.\n\nAut optio reiciendis quo fugit. Molestiae et est possimus qui earum earum optio. Doloremque cum et perferendis enim quia est et. Aperiam ullam qui sit eos.\n\nAutem iusto quo libero ad excepturi. Aut cum quo beatae distinctio. Suscipit explicabo quia et maxime optio deserunt natus.', 82, NULL, '2019-01-31 13:59:04', '2020-09-07 15:02:40'),
(1186, 'Aut blanditiis voluptates libero est pariatur itaque. Voluptatum autem et quibusdam fuga dolores assumenda pariatur. Ut qui reprehenderit voluptatem omnis quia.\n\nVoluptas ipsum omnis autem voluptas doloremque delectus aliquid aspernatur. Et voluptates aliquam voluptas nobis ipsum velit ratione id. Voluptatem dolor ut fuga tempora magnam. Aperiam amet magni autem rerum aliquam.\n\nSit praesentium exercitationem nulla nam explicabo dolor. Rerum quia ipsam numquam illo praesentium facilis.', 83, NULL, '2017-07-30 09:36:11', '2020-09-07 15:02:40'),
(1187, 'Quia et qui neque et voluptas non enim sapiente. Deleniti porro sed hic voluptas est porro ut excepturi. Aut tempora esse ut illum porro.\n\nAut quia nostrum qui deleniti natus. Nulla velit nulla delectus voluptatem dolor corrupti sit. Provident et corrupti laboriosam ipsa vero quaerat.\n\nNon accusantium occaecati odio optio. Doloremque quia facere nesciunt repellat praesentium sed qui. Quia quae voluptates aliquid dicta. Architecto ut a voluptas.', 77, NULL, '2018-09-11 08:32:53', '2020-09-07 15:02:40'),
(1188, 'Iste suscipit aspernatur adipisci ratione sapiente. Cum suscipit dolores labore sed voluptates. Rem sint esse culpa velit dolore.\n\nCorporis dolor hic quos et dolorem officiis. Omnis recusandae repellendus dolorum maiores quisquam itaque blanditiis. Sed voluptatem nihil nemo.\n\nNon dolorem omnis fugiat ut ut aut. Qui officia temporibus deleniti beatae facilis dicta dolorum sit. Quod velit corporis quisquam pariatur.', 13, NULL, '2015-09-12 06:50:41', '2020-09-07 15:02:40'),
(1189, 'Praesentium adipisci voluptatem enim voluptatibus molestiae. Alias praesentium in repudiandae voluptate nisi aperiam doloribus enim.\n\nAliquid dolor debitis perferendis et occaecati. Dicta quam aperiam enim nihil suscipit fuga hic. Reprehenderit quia facilis qui tenetur.\n\nSint ratione mollitia rerum nulla temporibus rerum distinctio sapiente. Soluta quis assumenda voluptatem quo quam quia nostrum. Et accusamus eos quia ea.', 13, NULL, '2019-01-28 09:16:51', '2020-09-07 15:02:40'),
(1190, 'Dolorem qui eveniet alias molestiae rerum quia. Aut blanditiis reprehenderit quis repellendus unde ut. Velit id temporibus sit illo libero voluptas quasi.\n\nQuisquam magnam aut optio reprehenderit quia. Consequuntur facere fugiat reiciendis aspernatur quidem aut. Maxime officia inventore ab non.\n\nDolor ducimus sequi qui pariatur molestiae nam nulla. Accusamus quidem quia ullam. Est et tempore provident officia eos aperiam amet.', 13, NULL, '2019-03-03 22:10:30', '2020-09-07 15:02:40'),
(1191, 'Nisi deserunt sapiente impedit eaque voluptatibus. Quod sit repellat impedit vitae facere provident. Tempora quia at id ipsum et qui. Tempora nesciunt vitae voluptatem et odit sint illo.\n\nQuisquam qui neque molestiae facere quia. Mollitia modi sit in ipsa eos. Architecto est sed fugit repellat nostrum. Sed voluptates et quidem.\n\nReiciendis id neque et. Est facilis consequatur est voluptas. Accusamus reiciendis eaque enim et ut.', 74, NULL, '2019-04-09 13:29:54', '2020-09-07 15:02:40'),
(1192, 'Velit explicabo cum quia voluptas molestiae cupiditate commodi unde. Harum suscipit rerum natus vel quibusdam excepturi ut. Saepe minima dolorem ipsa aut fuga fugit.\n\nVel debitis perspiciatis minima nihil. Nihil ut dignissimos quaerat dolorem quis tenetur quia exercitationem. Expedita impedit ipsam consequuntur recusandae odio. Odio tempore voluptate fugit unde.\n\nTempora fugiat quisquam ducimus aliquam sed. Quia dolor excepturi quo qui nihil. In consequatur quas et aperiam in aut. Sit sit iste necessitatibus et. Porro et eius officia aut.', 75, NULL, '2019-08-13 19:03:35', '2020-09-07 15:02:40'),
(1193, 'Nemo quae consequuntur tempore qui quidem quod placeat. Sit esse inventore doloremque qui enim et. Eius nulla sunt harum similique sit rerum. Sed possimus dolores in.\n\nQui suscipit eos deserunt et a recusandae ut autem. Sunt reprehenderit qui exercitationem ad id voluptas facilis. Dolorem impedit fugiat veniam non ipsam et quas.\n\nCulpa natus officiis quidem eveniet. Quas quia fugit asperiores eum. Odit quisquam sint mollitia aut consequuntur qui culpa architecto.', 13, NULL, '2015-01-24 05:51:12', '2020-09-07 15:02:40'),
(1194, 'Unde iste id temporibus incidunt eos libero accusamus fugiat. Enim minima atque aut qui non voluptatum velit.\n\nNon unde dolore quos in dolor. Nihil eius omnis modi esse veniam. Doloremque veniam rem et et excepturi assumenda quia. Quo quos beatae natus.\n\nSed non illo ut et repellat. A tenetur rem sapiente eligendi rem magni. Voluptatem quisquam repellat fugiat voluptatum eos nesciunt officia.', 80, NULL, '2019-11-27 06:40:37', '2020-09-07 15:02:40'),
(1195, 'Aspernatur eos odit assumenda quia quaerat. Quo rem voluptatibus quis. Beatae aut deleniti voluptatem mollitia veritatis nulla pariatur. Sed aspernatur nam consectetur qui nihil. Natus ipsam dolorem ut rerum illum officiis voluptatem.\n\nNon eveniet et magni molestiae. Excepturi quia aut nihil. Vel eligendi amet soluta sequi.\n\nDolores non in ipsam et. Voluptatum laborum alias quia quia a ut et qui. Similique dolor beatae et est inventore aut.', 13, NULL, '2018-02-26 21:35:09', '2020-09-07 15:02:40'),
(1196, 'Illum aliquam est rerum non earum. Rerum similique dolorem dolorem in. Et ipsam consequuntur et. Officiis suscipit sed dolores qui ea tempora vitae.\n\nFacilis ipsa perspiciatis voluptatem reprehenderit veritatis omnis. Autem omnis amet temporibus in. Enim quo adipisci facilis.\n\nDicta omnis consequuntur reprehenderit qui eligendi enim. Adipisci et sint commodi. Sed sit ipsam nihil minus dignissimos harum quis quos. Est quae ratione quia quia iure mollitia. Et eos ut pariatur consequatur sapiente.', 83, NULL, '2016-03-05 19:01:09', '2020-09-07 15:02:40'),
(1197, 'Molestiae praesentium quia sed quia. Repellendus voluptate a sit explicabo nulla. Et veniam blanditiis illum. Omnis et sequi quisquam sequi eveniet quam earum.\n\nEt non iure inventore amet est cupiditate praesentium. Repellat consequatur dolor eligendi laborum deleniti. Voluptas laudantium explicabo ipsum sint et corrupti quis.\n\nVeniam aut quaerat aut est minus. Et quis nisi vel eum rerum. Earum provident tempora ut quia incidunt.', 79, NULL, '2016-11-03 03:31:59', '2020-09-07 15:02:40'),
(1198, 'Quis et numquam et. Et vel eos ab optio ducimus dignissimos. Animi alias id eum illum est labore.\n\nCorrupti cum mollitia non voluptatem cum. Ea est expedita quam id et quia nemo. In qui magnam consequatur quia.\n\nIusto voluptates repellat sapiente odio. Sit et aliquid qui voluptates. In minus cumque magni amet nihil.', 79, NULL, '2015-10-17 05:14:49', '2020-09-07 15:02:40'),
(1199, 'Ut in distinctio hic maxime officia. Atque totam expedita illum inventore quaerat quod asperiores.\n\nPorro iusto repellat repellat. Assumenda omnis sit odit suscipit nulla. Facere reprehenderit ut et voluptas tempore nihil.\n\nVoluptatem eius qui ullam necessitatibus nesciunt iste et omnis. Praesentium voluptatem dolor omnis accusantium reiciendis accusamus. Dolor dolore qui quidem modi doloremque voluptatem alias.', 75, NULL, '2018-05-08 11:10:50', '2020-09-07 15:02:40'),
(1200, 'Velit consectetur quibusdam eius esse consequatur fugit. Earum quis iure explicabo qui. Laboriosam et facilis reiciendis eum voluptatem voluptas.\n\nVoluptatem nostrum aut aut aperiam quis ut corporis. Quisquam ex libero laborum dolores hic unde. Non atque dolores fugit rem.\n\nMolestiae enim provident esse et voluptatem. Dolorum qui mollitia nostrum ea. Delectus beatae molestiae praesentium nostrum. Distinctio debitis velit dicta aut ea tempora et.', 76, NULL, '2015-03-07 10:58:00', '2020-09-07 15:02:40'),
(1201, 'Distinctio occaecati dignissimos molestias ex reprehenderit dolor. Distinctio quo dolores eos sit. Autem omnis eos cumque vel ipsa atque eum. Eos cumque illo quia aliquid amet. Ut fuga a voluptas quia.\n\nQui voluptatem iure vel et et quisquam quae. Sed nobis harum veritatis dolores velit quam. Quos officia maxime dolor quam debitis ut atque. Eum ut modi possimus et. Provident aut dolores occaecati est ducimus nisi ducimus.\n\nBeatae enim et deleniti. Quas aut odio omnis atque corporis eos. Voluptatibus qui necessitatibus dicta.', 81, NULL, '2016-08-30 07:43:03', '2020-09-07 15:02:40'),
(1202, 'Id voluptates quam impedit doloribus. Temporibus et et est mollitia sed atque. At qui assumenda itaque quia. Illum consequatur maiores rerum quidem et.\n\nQuia repellat consequatur dolore dolor voluptas officiis nulla. Autem maiores aperiam omnis quia ut. Omnis hic fugit voluptatem praesentium.\n\nIure enim corporis earum labore distinctio ut odio totam. Quod placeat autem quisquam quaerat. Sed quibusdam voluptatem tempora aut.', 13, NULL, '2018-02-01 13:25:18', '2020-09-07 15:02:40'),
(1203, 'Quia consequuntur iste voluptas. Veniam mollitia provident architecto ex. Quos nulla ipsam omnis nostrum consequatur quidem omnis suscipit. Nobis non ea tempora enim ipsa quo.\n\nIste velit totam quos dolore mollitia doloribus magni. Repellendus et voluptas asperiores deleniti. Distinctio sint voluptate qui corrupti harum aut.\n\nAutem unde ut reiciendis deserunt. Eum id sed assumenda modi. Quo autem nobis harum omnis dolores non eos.', 80, NULL, '2017-10-14 14:25:26', '2020-09-07 15:02:40'),
(1204, 'Nisi dolorem et repellendus magni rerum omnis. Iste perferendis quod vitae delectus labore. Occaecati molestiae incidunt et blanditiis officia delectus beatae.\n\nVoluptates a itaque repellendus eos delectus harum dolor. Dignissimos autem suscipit quo animi inventore voluptatibus. Omnis expedita sed exercitationem sit aut nobis unde. Porro est maxime quos sit.\n\nId autem dolor et eos voluptas. Sed consequuntur voluptas ipsum earum officiis vel. Libero sed consequatur exercitationem sit. Eos sint id rerum pariatur dolor.', 82, NULL, '2018-11-16 17:40:48', '2020-09-07 15:02:40'),
(1205, 'Commodi nemo atque et et quasi est. Eum quas placeat quo rerum modi repellat numquam. Excepturi dolorem quidem distinctio asperiores magnam modi. Quod non libero sed dolores ut rerum.\n\nEt ea quam omnis deleniti facilis numquam. Reiciendis voluptates voluptatem voluptates quo voluptatem aut omnis et. Et id harum sed molestiae libero.\n\nVitae occaecati rerum et nam iusto sed quam expedita. Et voluptate amet facere optio. Accusantium at voluptas impedit. Perferendis non minima amet animi.', 77, NULL, '2016-12-07 12:37:38', '2020-09-07 15:02:40'),
(1206, 'Nihil numquam occaecati quia illum. Repellendus aperiam quae nostrum soluta voluptatibus repudiandae perspiciatis. Deleniti atque esse id nobis ducimus sit. Est sequi minus distinctio at non voluptas laudantium.\n\nSit id id corporis aut quos aliquam. Iure quia aut sit. Rerum voluptatibus et dolor quia fugit commodi temporibus.\n\nQuia et quia nemo voluptatem. Illo sint nemo facere quas ducimus odio. Aut quisquam labore consequuntur et quos tempore quis est.', 13, NULL, '2015-04-15 07:50:25', '2020-09-07 15:02:40'),
(1207, 'Assumenda ut aut minima a libero. Harum beatae perspiciatis est quisquam facilis. Ipsum reiciendis occaecati molestiae deserunt dolorum. Sed libero facilis et eius molestiae.\n\nAccusantium praesentium porro modi maxime. Sunt repellat voluptatum eum sequi nostrum facilis. Nulla et quidem id nam saepe labore quod.\n\nDolores magni qui hic debitis. Dolor deserunt repellendus quam eos eum minus. Voluptas et quo molestiae adipisci quidem ea sint ab.', 82, NULL, '2019-02-21 07:30:03', '2020-09-07 15:02:40'),
(1208, 'Aliquid est voluptatem et aperiam quos nostrum. Vero consequuntur consequatur quibusdam ut aut vero. Qui saepe iusto est consequatur culpa. Tempore reiciendis voluptatem nostrum accusantium velit est voluptatibus.\n\nCommodi minus et aperiam est. Ratione autem voluptas et nihil unde non harum. Veniam voluptatem numquam dolor et.\n\nOdit itaque autem sed aut necessitatibus nihil. Doloribus ut qui officia sit quia sint molestiae. Quia quis voluptas at.', 79, NULL, '2018-04-30 09:03:15', '2020-09-07 15:02:40'),
(1209, 'Dicta assumenda modi saepe et autem. Omnis dolores amet officiis autem. Et deleniti reprehenderit dolor deserunt enim est vero.\n\nIusto magnam laudantium et nulla eum fugiat similique molestiae. Magni beatae quo nihil quia mollitia explicabo. Mollitia provident voluptatum earum officia omnis inventore non.\n\nExplicabo odit et itaque itaque voluptas quod non ratione. Non tempore quod sit ut. Officia voluptatem sed aut soluta veritatis accusantium.', 76, NULL, '2018-05-25 09:39:25', '2020-09-07 15:02:40'),
(1210, 'Nesciunt ut ut esse mollitia cumque illum et. Atque enim numquam nihil molestiae sit incidunt.\n\nReiciendis molestiae officiis unde laborum ut maiores. Doloribus qui minima fugit eum magni voluptatum aut. Aut libero reprehenderit cum est.\n\nAut blanditiis et eveniet distinctio. Perferendis quam et quo qui eum. Esse quas ad reiciendis non.', 83, NULL, '2015-03-08 19:08:38', '2020-09-07 15:02:40'),
(1211, 'Voluptas ratione quis optio perferendis ut voluptatem dolore. Et in laboriosam totam pariatur molestiae voluptatibus. Quasi fugiat amet quo.\n\nIpsam voluptatem dolorem non ratione. Consequatur ut qui et tempore hic fugit id voluptas. Ut aut unde voluptas molestiae asperiores commodi.\n\nVitae beatae corrupti illum ducimus. Ipsam ut omnis iusto qui et qui. Natus animi consectetur omnis. Sunt quidem assumenda beatae dolores ipsa distinctio.', 82, NULL, '2019-09-16 09:05:05', '2020-09-07 15:02:40'),
(1212, 'Vel ipsa aut temporibus eos reiciendis. Dolorem expedita aut incidunt rerum doloribus error. Aut quaerat quis ut eius et tempore quia.\n\nDeleniti quisquam voluptas ut rerum. Voluptatem qui accusamus ut alias. Sed nihil voluptatem perferendis sit id quod est natus. Molestiae recusandae provident enim accusantium rerum.\n\nAliquam voluptate possimus molestias eveniet blanditiis. Dolorem est rerum esse omnis voluptas perspiciatis maiores. Quas tempore nulla aperiam.', 79, NULL, '2015-08-01 18:03:11', '2020-09-07 15:02:40'),
(1213, 'Exercitationem doloremque aliquid nesciunt dolor est modi recusandae. Suscipit consequatur facilis recusandae facilis doloremque ab. Corrupti suscipit molestiae animi.\n\nEaque sint quidem harum fugiat voluptates voluptas rerum. Quis beatae magnam recusandae aliquam ratione. Dolorum consectetur rem minus voluptas eius perspiciatis quae.\n\nRerum ullam et qui voluptatem dicta. Ad quae reprehenderit magni quia. Molestiae enim nostrum et. Qui modi ut dolor iure saepe ipsa.', 79, NULL, '2019-07-24 18:24:43', '2020-09-07 15:02:40'),
(1214, 'Officiis qui officia enim sunt. Omnis nam sapiente aspernatur eos et fugiat cupiditate. Et eius ipsa modi saepe. Quas ipsum veniam neque aliquam aliquam et.\n\nRepellendus deleniti ipsam eum reprehenderit exercitationem aliquid temporibus et. Maxime placeat ut quia nobis et aut aliquid consectetur. Esse vero blanditiis reiciendis temporibus eaque et. Sint ex molestiae quia.\n\nIpsum sapiente ullam iure perspiciatis quo doloribus dolores. Optio harum vitae perferendis animi. Reprehenderit itaque ut qui eum reprehenderit repudiandae. Nihil omnis assumenda magnam tempore pariatur.', 79, NULL, '2019-11-08 07:25:48', '2020-09-07 15:02:40'),
(1215, 'Ut omnis aperiam et accusantium quia at qui. Repudiandae qui incidunt hic ut nobis. Doloribus provident rerum ullam quis. Enim optio doloremque ut. Occaecati commodi officiis sed.\n\nRerum qui reiciendis distinctio animi similique quo. Et ex corporis et sunt laudantium inventore. Qui praesentium tenetur saepe labore et voluptas sed. Sit sit quisquam sit voluptatem vero velit et.\n\nVelit autem aliquam consequuntur eos quibusdam distinctio. Ea et sint est quaerat animi ut qui. Est a ducimus ad maxime. Rerum sit sunt enim libero totam saepe. Minus quia et iusto expedita qui omnis ducimus.', 76, NULL, '2018-10-08 16:12:51', '2020-09-07 15:02:40'),
(1216, 'Numquam et quis doloremque aut enim iure iste. Eius nemo inventore ullam porro doloremque iusto. Vel et sit expedita sapiente.\n\nDolorum saepe fuga omnis quia. Tempora doloribus laboriosam cupiditate a ut. Voluptatibus animi molestiae est quia impedit sit.\n\nSequi quam ut quia incidunt non. Sed illum iure eius. Repellat reiciendis impedit aut quae impedit ut libero nemo. Optio architecto ut explicabo laudantium ducimus occaecati.', 83, NULL, '2015-02-08 12:04:36', '2020-09-07 15:02:40'),
(1217, 'Omnis dolor porro minus sapiente aut similique. Velit dolorem et rerum quidem voluptates sed.\n\nOdit voluptas qui sint pariatur perspiciatis. Exercitationem vel et voluptates recusandae ut sint corrupti sapiente. Temporibus atque quis voluptas labore ut delectus dicta. Iure dolores dignissimos eum dolorem adipisci ad officia.\n\nUt qui et est. Cum aut eum doloribus quia fugiat sit. Harum qui enim assumenda sequi similique. Labore nihil at maiores eligendi animi ut doloremque.', 82, NULL, '2016-10-03 01:15:42', '2020-09-07 15:02:40'),
(1218, 'Voluptatem aspernatur et autem perspiciatis omnis. Odio excepturi in enim sed fugiat perspiciatis non. Et voluptas quod hic illum laudantium esse placeat ratione.\n\nEt ea assumenda quis est ea sint. Qui quae nesciunt sit illo. Sunt quaerat omnis laboriosam fugit error doloremque soluta. Accusamus aut aperiam qui corporis ipsam optio sint doloribus.\n\nDucimus nihil sed vel culpa harum nihil aperiam. Quis doloremque est qui consectetur. Laudantium tempora esse alias enim. Deleniti necessitatibus mollitia iusto deleniti aut non.', 81, NULL, '2017-11-26 12:43:54', '2020-09-07 15:02:40'),
(1219, 'Vitae impedit nemo velit eligendi ea dolorem. Facilis temporibus et earum odio pariatur qui eius dicta. Eos exercitationem sapiente pariatur doloremque odio quis fugit. Unde quas dolor commodi nulla ducimus cumque.\n\nEt consequatur non ut quo aspernatur nihil. Id quisquam et nesciunt impedit sequi magnam. Explicabo ipsa nesciunt voluptate omnis omnis id enim.\n\nIncidunt itaque dolorum ut voluptas animi enim ab. Distinctio quibusdam est alias harum et similique aliquam. Adipisci deleniti animi voluptates cumque accusantium qui tempora molestiae. Optio dolorem perspiciatis cumque.', 83, NULL, '2015-01-27 11:02:35', '2020-09-07 15:02:40'),
(1220, 'Nemo voluptas a accusamus laudantium aut et laudantium. Corporis vero quasi aut reprehenderit. Similique deserunt porro occaecati natus at culpa quia. Beatae ullam aut dolores rerum. Dicta voluptas rerum libero.\n\nAutem perferendis quam aspernatur doloribus non sunt. Asperiores deserunt autem facilis eius fugit culpa. Ratione iste ipsam aut deserunt quasi.\n\nSint vitae voluptatem itaque ab autem dignissimos quaerat. Ullam eum nihil harum natus. Culpa praesentium tempore qui dicta voluptas qui vitae. Inventore quo accusantium ullam facilis consequatur.', 77, NULL, '2019-09-25 02:46:40', '2020-09-07 15:02:40'),
(1221, 'Quo libero possimus reprehenderit at velit eos minima. Placeat officiis dolor laboriosam magni. Eveniet quae repudiandae magni placeat.\n\nExplicabo id quas vel nemo et. Quae et ut eos sunt minus laborum. Veniam porro voluptatem sit molestiae sint libero voluptas est. Quis molestias fuga beatae pariatur est.\n\nSunt possimus et sequi omnis. Aliquam et eos tenetur aperiam.', 79, NULL, '2018-01-13 22:09:45', '2020-09-07 15:02:40'),
(1222, 'Facere aspernatur aliquid adipisci odit sed consectetur. Consequatur natus autem ad dolor quaerat in deleniti. Quasi id veritatis eos aperiam adipisci rerum.\n\nEt eveniet excepturi doloribus et dignissimos non. Et a et ipsa. At unde nam possimus ut ut neque. Quidem et corrupti et sint cum. Ut sed nihil cumque quo illum qui.\n\nNam id aliquid nemo debitis. Corporis exercitationem atque animi et et laborum sunt. Accusantium dolorem dolor sunt reiciendis quidem.', 76, NULL, '2015-04-07 07:27:43', '2020-09-07 15:02:40'),
(1223, 'Quo quae sint rerum deserunt iusto. Corporis alias qui officiis minima consequatur. Consequuntur ad dolore quidem. Mollitia est eos asperiores.\n\nSit aut perferendis aut. Molestias non quis necessitatibus possimus. Cum praesentium aut veniam. Et ea accusantium fugit a.\n\nAliquam vel odio possimus. In iusto corporis assumenda.', 80, NULL, '2015-05-18 19:51:55', '2020-09-07 15:02:40'),
(1224, 'Quia quis rem laudantium officiis. Provident maiores in assumenda quod quia asperiores velit. Iure vel pariatur dolore voluptas est facere sed. Enim quia nihil autem sit.\n\nEt sit possimus eligendi impedit. Quod voluptas officia nam aut. Et reiciendis ut consequatur at nostrum.\n\nLaboriosam inventore quam recusandae architecto qui. Dolores ut sequi quis dolores dolorem ea beatae. Nisi quasi fugiat error.', 77, NULL, '2018-03-06 21:14:31', '2020-09-07 15:02:40'),
(1225, 'Reprehenderit totam repudiandae itaque sint voluptas dolores. Sit fuga repellendus explicabo veniam. Vero sit ut est aut voluptatibus aliquam. Consequatur voluptate quo totam soluta sint.\n\nIpsa asperiores facilis a fuga eaque odio. Suscipit incidunt qui facere. Sed provident sit veniam beatae animi voluptas.\n\nUt et debitis autem eaque expedita. Molestiae dignissimos alias omnis provident pariatur quis. Quas odio consequuntur aut laboriosam. Voluptatem facere voluptas pariatur beatae delectus exercitationem qui libero.', 83, NULL, '2016-12-08 22:38:18', '2020-09-07 15:02:40'),
(1226, 'Explicabo ea velit quae odio magnam sunt a. Occaecati unde laudantium magnam quos sint sit non. Ea impedit quia sit est ut quisquam.\n\nUt adipisci laudantium quam odio sint ipsam vitae. Nisi omnis distinctio praesentium. Ratione cumque aut velit nemo.\n\nQuia at illum molestiae quisquam. Sunt minima et aut. Laudantium dolorem delectus autem eos qui recusandae.', 79, NULL, '2019-04-22 16:34:59', '2020-09-07 15:02:40'),
(1227, 'Nulla qui ut debitis autem consequuntur vel omnis quo. Nemo et laboriosam dolore aspernatur ex deleniti. Voluptatem molestiae quas iure qui ut nihil.\n\nDolorum commodi et tempore qui excepturi. Mollitia earum culpa voluptatem veniam laborum eaque. Ut quae maxime quia neque quae laboriosam. Porro adipisci occaecati commodi pariatur et. Nihil blanditiis cupiditate maiores dolorem.\n\nLaborum omnis qui qui voluptatem dignissimos saepe ea. Sit est ad non. Et cumque consectetur recusandae aut saepe quaerat recusandae suscipit. Reprehenderit cum dolores ut commodi dolores. Deserunt laboriosam omnis voluptas ea.', 81, NULL, '2016-01-15 11:28:28', '2020-09-07 15:02:40'),
(1228, 'Ab aut odit aspernatur aut occaecati debitis velit. Quis nesciunt dicta voluptatem dolores quia rerum. Voluptatem similique dolor saepe blanditiis.\n\nConsequatur et nobis reprehenderit nesciunt asperiores laudantium quo aspernatur. Dolor consectetur quisquam id perferendis in enim. Cumque sint fugiat sint illo enim. Sit incidunt ex impedit.\n\nExplicabo omnis impedit nobis ex nemo tenetur. Necessitatibus aliquid perspiciatis ratione inventore consequatur.', 76, NULL, '2016-09-24 07:01:13', '2020-09-07 15:02:40'),
(1229, 'Ipsam neque perspiciatis consequatur consectetur excepturi. Impedit eligendi non consequatur aut. Aliquid recusandae doloremque minus rerum.\n\nNumquam maiores nemo perspiciatis dolorum dolorum. Eos et quis temporibus tempore commodi et qui. Est et quae quam quo ipsam. Nihil vitae dolor doloribus ex. Voluptas fugiat non dolorem ut et impedit.\n\nConsequatur ducimus vel eligendi quia. Libero voluptatibus facere et omnis praesentium eius. Eligendi asperiores quis et. Illum eaque et corporis eligendi.', 80, NULL, '2018-08-28 14:44:14', '2020-09-07 15:02:40'),
(1230, 'Est asperiores velit libero saepe. Iusto tempore eligendi voluptas placeat sint. Vitae impedit repudiandae soluta.\n\nExplicabo iste nam quam id non est quibusdam. Culpa ab eius repudiandae aut dolores repellat voluptatem. Tempore mollitia saepe ut libero neque deserunt deserunt aspernatur. Est facere aspernatur suscipit molestias recusandae quis ut. Id laudantium eius ea ut.\n\nQuasi odit magni et id nulla nisi ut. Sit ut ex quos sed. Et error possimus voluptate delectus consequatur minus.', 83, NULL, '2019-02-26 16:06:02', '2020-09-07 15:02:40'),
(1231, 'Sit sapiente ipsum earum vitae id nihil modi. Enim perferendis provident necessitatibus. Labore molestias laborum esse omnis cupiditate quos. Est harum id sint accusamus voluptatem aut qui.\n\nQuos veritatis quisquam fugit voluptate laboriosam unde autem eum. Voluptatum aut eos sit sit aut. Qui dolores adipisci libero.\n\nQuisquam ex fugit qui ipsum et nemo. Iusto nobis illo illo et dolorem quis. Sapiente in asperiores soluta. Quis et architecto aperiam modi corporis accusamus eveniet.', 75, NULL, '2016-04-26 13:38:50', '2020-09-07 15:02:40'),
(1232, 'Porro commodi esse molestias. Necessitatibus iusto molestiae minus vero. Voluptate ullam illo optio aut.\n\nSaepe eos deleniti impedit eius. Facilis quisquam sit voluptatibus quibusdam enim labore. Est ipsum deleniti expedita et quas.\n\nVoluptas molestiae est non id eveniet. Nam sint tempore sequi suscipit ut sed. Dignissimos nam atque fugit maxime.', 11, NULL, '2016-09-08 01:01:21', '2020-09-07 15:02:40'),
(1233, 'Mollitia autem saepe blanditiis. Rerum vero quia earum perferendis doloremque autem. Et accusantium est error sit. Itaque nesciunt laboriosam accusamus non iure.\n\nDolorem aperiam facilis qui consequatur explicabo distinctio. Sint eveniet sed rerum eveniet quod voluptate. Molestiae asperiores et beatae. Ut et omnis beatae.\n\nModi est illum dicta voluptas. Quia facilis odit eaque quod nostrum sapiente rerum ullam. Perspiciatis maxime architecto soluta porro earum itaque alias. At voluptatem accusantium voluptas inventore qui cumque.', 74, NULL, '2016-08-25 22:54:28', '2020-09-07 15:02:40'),
(1234, 'Quia nemo consequatur non saepe. Debitis magni aut saepe sit.\n\nEt autem quas voluptatibus alias eum. Molestias numquam adipisci fuga odio numquam aut occaecati. Dignissimos deleniti esse facere eum atque exercitationem nam. Similique architecto voluptas atque impedit.\n\nOccaecati alias cum aliquid aspernatur aliquid vel. Minima dolores consequatur nihil tempora enim consectetur nihil. Qui similique laboriosam ut sapiente itaque. Eaque dolores et dolorem et.', 77, NULL, '2015-06-15 04:47:12', '2020-09-07 15:02:40'),
(1235, 'Eveniet et debitis quae nostrum. Adipisci sunt provident dolor consequuntur sequi autem. Exercitationem nesciunt voluptates voluptatum. Illo et aspernatur libero.\n\nQuas accusamus cumque porro aut. Et saepe quia velit et exercitationem est. Beatae officiis maxime velit et odio maiores repudiandae.\n\nMaiores aperiam consequuntur dolor aut cum dignissimos at. Deserunt rem adipisci autem accusamus voluptatem qui. Illo pariatur quaerat similique quisquam. Culpa fuga mollitia mollitia excepturi beatae. Architecto quam quis quia itaque nemo consequatur sit.', 82, NULL, '2019-04-08 05:59:34', '2020-09-07 15:02:40'),
(1236, 'Sed nemo autem omnis saepe porro repellat. Perspiciatis sint et beatae ut corporis omnis similique. Quas et natus nulla voluptas dolorum quo exercitationem culpa.\n\nNemo numquam ipsam consequatur. Quo eius suscipit ullam quo impedit. Provident eaque ut doloremque doloribus enim perspiciatis. Nisi vitae repudiandae in accusamus voluptatum et vel.\n\nAutem omnis aperiam quibusdam itaque cum et nulla earum. Exercitationem non dolore repellendus quisquam libero beatae.', 82, NULL, '2016-12-31 10:12:03', '2020-09-07 15:02:40'),
(1237, 'Qui unde consectetur velit autem. Quasi voluptatem hic inventore sunt corrupti assumenda. Necessitatibus quia et quia quasi velit.\n\nAut aut minima ex necessitatibus voluptatem accusantium. Et voluptatem eligendi labore et ut voluptates tempore. Et optio sed perferendis consequatur molestiae et.\n\nIpsa et et voluptatem commodi. Quasi omnis dolorum quo eius fugiat corrupti nesciunt. Voluptate voluptatibus consequuntur sit quo fugit exercitationem.', 76, NULL, '2015-11-10 23:41:18', '2020-09-07 15:02:40'),
(1238, 'Quo enim ad maiores officia. Sunt quam et et. Culpa repudiandae ea perferendis dignissimos sit porro. Error corporis eum quam quod quis.\n\nDolorem ipsam nesciunt provident accusantium. Eos sit ut perspiciatis ullam fugiat quo. Nulla libero odit nemo molestiae. Corporis quia qui eius facilis.\n\nNatus velit tempore praesentium aspernatur voluptatem. Laudantium assumenda alias explicabo quia. Ipsam aperiam excepturi error officia autem sint. Harum sunt ipsum ab voluptas enim.', 76, NULL, '2015-08-28 08:46:03', '2020-09-07 15:02:40');

-- --------------------------------------------------------

--
-- Структура таблицы `someones`
--

CREATE TABLE `someones` (
  `id` bigint(20) UNSIGNED NOT NULL,
  `created_at` timestamp NULL DEFAULT NULL,
  `updated_at` timestamp NULL DEFAULT NULL
) ENGINE=InnoDB DEFAULT CHARSET=utf8mb4 COLLATE=utf8mb4_unicode_ci;

-- --------------------------------------------------------

--
-- Структура таблицы `users`
--

CREATE TABLE `users` (
  `id` bigint(20) UNSIGNED NOT NULL,
  `name` varchar(255) COLLATE utf8mb4_unicode_ci NOT NULL,
  `email` varchar(255) COLLATE utf8mb4_unicode_ci NOT NULL,
  `email_verified_at` timestamp NULL DEFAULT NULL,
  `password` varchar(255) COLLATE utf8mb4_unicode_ci NOT NULL,
  `remember_token` varchar(100) COLLATE utf8mb4_unicode_ci DEFAULT NULL,
  `created_at` timestamp NULL DEFAULT NULL,
  `updated_at` timestamp NULL DEFAULT NULL,
  `role` varchar(255) COLLATE utf8mb4_unicode_ci DEFAULT NULL
) ENGINE=InnoDB DEFAULT CHARSET=utf8mb4 COLLATE=utf8mb4_unicode_ci;

--
-- Дамп данных таблицы `users`
--

INSERT INTO `users` (`id`, `name`, `email`, `email_verified_at`, `password`, `remember_token`, `created_at`, `updated_at`, `role`) VALUES
(11, 'Vasya', 'tt@tt.com', NULL, '$2y$10$T8y5QqvgzhiFGT0Qx87o4uNRehtdhD9khHtEyRY.su.ONWEgqy9D6', NULL, '2020-07-23 16:13:53', '2020-07-23 16:13:53', 'admin'),
(13, 'Petya', 'rr@rr.com', NULL, '$2y$10$l2BGb3JG0miMreQbiLp0TOIt8b3mV4ysledRv8WlslgCky6U0nW3.', NULL, '2020-08-05 04:52:54', '2020-08-05 04:52:54', NULL),
(74, 'Dr. Jacklyn Murazik III', 'kozey.rebeka@example.com', '2020-09-07 15:02:38', '$2y$10$92IXUNpkjO0rOQ5byMi.Ye4oKoEa3Ro9llC/.og/at2.uheWG/igi', '5Jd0A7ZJ4s', '2020-09-07 15:02:38', '2020-09-07 15:02:38', NULL),
(75, 'Mrs. Alberta Rutherford PhD', 'bechtelar.erick@example.org', '2020-09-07 15:02:38', '$2y$10$92IXUNpkjO0rOQ5byMi.Ye4oKoEa3Ro9llC/.og/at2.uheWG/igi', 'Z8MPoGW7pR', '2020-09-07 15:02:38', '2020-09-07 15:02:38', NULL),
(76, 'Michele Macejkovic', 'tullrich@example.com', '2020-09-07 15:02:38', '$2y$10$92IXUNpkjO0rOQ5byMi.Ye4oKoEa3Ro9llC/.og/at2.uheWG/igi', '4NfvgkRmDR', '2020-09-07 15:02:38', '2020-09-07 15:02:38', NULL),
(77, 'Austyn Barrows IV', 'electa02@example.org', '2020-09-07 15:02:38', '$2y$10$92IXUNpkjO0rOQ5byMi.Ye4oKoEa3Ro9llC/.og/at2.uheWG/igi', 'z9sJD9F1vX', '2020-09-07 15:02:38', '2020-09-07 15:02:38', NULL),
(78, 'Jasen Gaylord', 'zane47@example.com', '2020-09-07 15:02:38', '$2y$10$92IXUNpkjO0rOQ5byMi.Ye4oKoEa3Ro9llC/.og/at2.uheWG/igi', 'ASoLgegUo2', '2020-09-07 15:02:38', '2020-09-07 15:02:38', NULL),
(79, 'Savanna Okuneva', 'lon.barton@example.com', '2020-09-07 15:02:38', '$2y$10$92IXUNpkjO0rOQ5byMi.Ye4oKoEa3Ro9llC/.og/at2.uheWG/igi', 'CvnUp8Ellb', '2020-09-07 15:02:38', '2020-09-07 15:02:38', NULL),
(80, 'Brando Mosciski', 'deshaun57@example.com', '2020-09-07 15:02:38', '$2y$10$92IXUNpkjO0rOQ5byMi.Ye4oKoEa3Ro9llC/.og/at2.uheWG/igi', 'zQbXPRmQwF', '2020-09-07 15:02:38', '2020-09-07 15:02:38', NULL),
(81, 'Ms. Destini Farrell Jr.', 'audra09@example.net', '2020-09-07 15:02:38', '$2y$10$92IXUNpkjO0rOQ5byMi.Ye4oKoEa3Ro9llC/.og/at2.uheWG/igi', 'dyXVL4ujgl', '2020-09-07 15:02:38', '2020-09-07 15:02:38', NULL),
(82, 'Mr. Alek Monahan', 'ddonnelly@example.com', '2020-09-07 15:02:38', '$2y$10$92IXUNpkjO0rOQ5byMi.Ye4oKoEa3Ro9llC/.og/at2.uheWG/igi', 'Y5VFRKmymY', '2020-09-07 15:02:38', '2020-09-07 15:02:38', NULL),
(83, 'Jessika Fisher', 'mikayla11@example.org', '2020-09-07 15:02:38', '$2y$10$92IXUNpkjO0rOQ5byMi.Ye4oKoEa3Ro9llC/.og/at2.uheWG/igi', 'ppwFcuIRTh', '2020-09-07 15:02:38', '2020-09-07 15:02:38', NULL);

-- --------------------------------------------------------

--
-- Структура таблицы `votes`
--

CREATE TABLE `votes` (
  `id` bigint(20) UNSIGNED NOT NULL,
  `product_id` bigint(20) UNSIGNED DEFAULT NULL,
  `created_at` timestamp NULL DEFAULT NULL,
  `updated_at` timestamp NULL DEFAULT NULL
) ENGINE=InnoDB DEFAULT CHARSET=utf8mb4 COLLATE=utf8mb4_unicode_ci;

--
-- Индексы сохранённых таблиц
--

--
-- Индексы таблицы `categories`
--
ALTER TABLE `categories`
  ADD PRIMARY KEY (`id`);

--
-- Индексы таблицы `failed_jobs`
--
ALTER TABLE `failed_jobs`
  ADD PRIMARY KEY (`id`);

--
-- Индексы таблицы `migrations`
--
ALTER TABLE `migrations`
  ADD PRIMARY KEY (`id`);

--
-- Индексы таблицы `orders`
--
ALTER TABLE `orders`
  ADD PRIMARY KEY (`id`),
  ADD KEY `orders_user_id_foreign` (`user_id`);

--
-- Индексы таблицы `order_items`
--
ALTER TABLE `order_items`
  ADD PRIMARY KEY (`id`),
  ADD KEY `order_items_order_id_foreign` (`order_id`);

--
-- Индексы таблицы `password_resets`
--
ALTER TABLE `password_resets`
  ADD KEY `password_resets_email_index` (`email`);

--
-- Индексы таблицы `products`
--
ALTER TABLE `products`
  ADD PRIMARY KEY (`id`),
  ADD KEY `products_category_id_foreign` (`category_id`);

--
-- Индексы таблицы `reviews`
--
ALTER TABLE `reviews`
  ADD PRIMARY KEY (`id`),
  ADD KEY `reviews_user_id_foreign` (`user_id`),
  ADD KEY `reviews_product_id_foreign` (`product_id`);

--
-- Индексы таблицы `someones`
--
ALTER TABLE `someones`
  ADD PRIMARY KEY (`id`);

--
-- Индексы таблицы `users`
--
ALTER TABLE `users`
  ADD PRIMARY KEY (`id`),
  ADD UNIQUE KEY `users_email_unique` (`email`);

--
-- Индексы таблицы `votes`
--
ALTER TABLE `votes`
  ADD PRIMARY KEY (`id`);

--
-- AUTO_INCREMENT для сохранённых таблиц
--

--
-- AUTO_INCREMENT для таблицы `categories`
--
ALTER TABLE `categories`
  MODIFY `id` bigint(20) UNSIGNED NOT NULL AUTO_INCREMENT, AUTO_INCREMENT=34;

--
-- AUTO_INCREMENT для таблицы `failed_jobs`
--
ALTER TABLE `failed_jobs`
  MODIFY `id` bigint(20) UNSIGNED NOT NULL AUTO_INCREMENT;

--
-- AUTO_INCREMENT для таблицы `migrations`
--
ALTER TABLE `migrations`
  MODIFY `id` int(10) UNSIGNED NOT NULL AUTO_INCREMENT, AUTO_INCREMENT=73;

--
-- AUTO_INCREMENT для таблицы `orders`
--
ALTER TABLE `orders`
  MODIFY `id` bigint(20) UNSIGNED NOT NULL AUTO_INCREMENT, AUTO_INCREMENT=4;

--
-- AUTO_INCREMENT для таблицы `order_items`
--
ALTER TABLE `order_items`
  MODIFY `id` bigint(20) UNSIGNED NOT NULL AUTO_INCREMENT, AUTO_INCREMENT=4;

--
-- AUTO_INCREMENT для таблицы `products`
--
ALTER TABLE `products`
  MODIFY `id` bigint(20) UNSIGNED NOT NULL AUTO_INCREMENT, AUTO_INCREMENT=901;

--
-- AUTO_INCREMENT для таблицы `reviews`
--
ALTER TABLE `reviews`
  MODIFY `id` bigint(20) UNSIGNED NOT NULL AUTO_INCREMENT, AUTO_INCREMENT=1239;

--
-- AUTO_INCREMENT для таблицы `someones`
--
ALTER TABLE `someones`
  MODIFY `id` bigint(20) UNSIGNED NOT NULL AUTO_INCREMENT;

--
-- AUTO_INCREMENT для таблицы `users`
--
ALTER TABLE `users`
  MODIFY `id` bigint(20) UNSIGNED NOT NULL AUTO_INCREMENT, AUTO_INCREMENT=84;

--
-- AUTO_INCREMENT для таблицы `votes`
--
ALTER TABLE `votes`
  MODIFY `id` bigint(20) UNSIGNED NOT NULL AUTO_INCREMENT;

--
-- Ограничения внешнего ключа сохраненных таблиц
--

--
-- Ограничения внешнего ключа таблицы `orders`
--
ALTER TABLE `orders`
  ADD CONSTRAINT `orders_user_id_foreign` FOREIGN KEY (`user_id`) REFERENCES `users` (`id`);

--
-- Ограничения внешнего ключа таблицы `order_items`
--
ALTER TABLE `order_items`
  ADD CONSTRAINT `order_items_order_id_foreign` FOREIGN KEY (`order_id`) REFERENCES `orders` (`id`);

--
-- Ограничения внешнего ключа таблицы `products`
--
ALTER TABLE `products`
  ADD CONSTRAINT `products_category_id_foreign` FOREIGN KEY (`category_id`) REFERENCES `categories` (`id`) ON DELETE SET NULL;

--
-- Ограничения внешнего ключа таблицы `reviews`
--
ALTER TABLE `reviews`
  ADD CONSTRAINT `reviews_product_id_foreign` FOREIGN KEY (`product_id`) REFERENCES `products` (`id`) ON DELETE SET NULL,
  ADD CONSTRAINT `reviews_user_id_foreign` FOREIGN KEY (`user_id`) REFERENCES `users` (`id`) ON DELETE SET NULL;
COMMIT;

/*!40101 SET CHARACTER_SET_CLIENT=@OLD_CHARACTER_SET_CLIENT */;
/*!40101 SET CHARACTER_SET_RESULTS=@OLD_CHARACTER_SET_RESULTS */;
/*!40101 SET COLLATION_CONNECTION=@OLD_COLLATION_CONNECTION */;
