-- phpMyAdmin SQL Dump
-- version 4.8.5
-- https://www.phpmyadmin.net/
--
-- Хост: 127.0.0.1:3306
-- Время создания: Авг 17 2020 г., 21:46
-- Версия сервера: 5.7.25
-- Версия PHP: 7.3.2

SET SQL_MODE = "NO_AUTO_VALUE_ON_ZERO";
SET AUTOCOMMIT = 0;
START TRANSACTION;
SET time_zone = "+00:00";


/*!40101 SET @OLD_CHARACTER_SET_CLIENT=@@CHARACTER_SET_CLIENT */;
/*!40101 SET @OLD_CHARACTER_SET_RESULTS=@@CHARACTER_SET_RESULTS */;
/*!40101 SET @OLD_COLLATION_CONNECTION=@@COLLATION_CONNECTION */;
/*!40101 SET NAMES utf8mb4 */;

--
-- База данных: `my-shop`
--

-- --------------------------------------------------------

--
-- Структура таблицы `categories`
--

CREATE TABLE `categories` (
  `id` bigint(20) UNSIGNED NOT NULL,
  `name` varchar(64) COLLATE utf8mb4_unicode_ci NOT NULL,
  `slug` varchar(128) COLLATE utf8mb4_unicode_ci NOT NULL,
  `img` varchar(128) COLLATE utf8mb4_unicode_ci DEFAULT NULL,
  `created_at` timestamp NULL DEFAULT NULL,
  `updated_at` timestamp NULL DEFAULT NULL
) ENGINE=InnoDB DEFAULT CHARSET=utf8mb4 COLLATE=utf8mb4_unicode_ci;

--
-- Дамп данных таблицы `categories`
--

INSERT INTO `categories` (`id`, `name`, `slug`, `img`, `created_at`, `updated_at`) VALUES
(1, 'sunt eos earum', 'sunt-eos-earum', 'https://loremflickr.com/320/240', '2020-07-14 08:12:20', '2020-07-14 08:12:20'),
(2, 'hic nihil nihil', 'hic-nihil-nihil', 'https://loremflickr.com/320/240', '2020-07-14 08:12:20', '2020-07-14 08:12:20'),
(3, 'sit aut qui', 'sit-aut-qui', 'https://loremflickr.com/320/240', '2020-07-14 08:12:20', '2020-07-14 08:12:20'),
(4, 'nnn', 'sss', NULL, '2020-08-07 09:09:33', '2020-08-07 09:09:33'),
(5, 'new1', 'slug1', '/uploads0022513_www.nevseoboi.com.ua.jpg', '2020-08-07 09:19:06', '2020-08-07 09:19:06');

-- --------------------------------------------------------

--
-- Структура таблицы `failed_jobs`
--

CREATE TABLE `failed_jobs` (
  `id` bigint(20) UNSIGNED NOT NULL,
  `connection` text COLLATE utf8mb4_unicode_ci NOT NULL,
  `queue` text COLLATE utf8mb4_unicode_ci NOT NULL,
  `payload` longtext COLLATE utf8mb4_unicode_ci NOT NULL,
  `exception` longtext COLLATE utf8mb4_unicode_ci NOT NULL,
  `failed_at` timestamp NOT NULL DEFAULT CURRENT_TIMESTAMP
) ENGINE=InnoDB DEFAULT CHARSET=utf8mb4 COLLATE=utf8mb4_unicode_ci;

-- --------------------------------------------------------

--
-- Структура таблицы `migrations`
--

CREATE TABLE `migrations` (
  `id` int(10) UNSIGNED NOT NULL,
  `migration` varchar(255) COLLATE utf8mb4_unicode_ci NOT NULL,
  `batch` int(11) NOT NULL
) ENGINE=InnoDB DEFAULT CHARSET=utf8mb4 COLLATE=utf8mb4_unicode_ci;

--
-- Дамп данных таблицы `migrations`
--

INSERT INTO `migrations` (`id`, `migration`, `batch`) VALUES
(33, '2020_07_11_125319_create_reviews_table', 2),
(40, '2020_07_12_154613_create_reviews_table', 3),
(58, '2020_07_12_161005_create_reviews_table', 4),
(60, '2014_10_12_000000_create_users_table', 5),
(61, '2019_08_19_000000_create_failed_jobs_table', 5),
(62, '2020_07_01_160259_create_categories_table', 5),
(63, '2020_07_01_190716_create_products_table', 5),
(64, '2020_07_02_193826_create_someones_table', 5),
(65, '2020_07_13_152931_create_reviews_table', 5),
(66, '2014_10_12_100000_create_password_resets_table', 6),
(67, '2020_07_26_201613_add_role_users', 6),
(68, '2020_07_26_202702_add_views_count', 7),
(69, '2020_07_26_203129_create_votes', 8),
(70, '2020_07_27_163338_add_views_count', 8);

-- --------------------------------------------------------

--
-- Структура таблицы `password_resets`
--

CREATE TABLE `password_resets` (
  `email` varchar(255) COLLATE utf8mb4_unicode_ci NOT NULL,
  `token` varchar(255) COLLATE utf8mb4_unicode_ci NOT NULL,
  `created_at` timestamp NULL DEFAULT NULL
) ENGINE=InnoDB DEFAULT CHARSET=utf8mb4 COLLATE=utf8mb4_unicode_ci;

-- --------------------------------------------------------

--
-- Структура таблицы `products`
--

CREATE TABLE `products` (
  `id` bigint(20) UNSIGNED NOT NULL,
  `name` varchar(128) COLLATE utf8mb4_unicode_ci NOT NULL,
  `slug` varchar(200) COLLATE utf8mb4_unicode_ci NOT NULL,
  `img` varchar(128) COLLATE utf8mb4_unicode_ci DEFAULT NULL,
  `price` double(8,2) DEFAULT NULL,
  `description` text COLLATE utf8mb4_unicode_ci,
  `recommended` tinyint(1) NOT NULL DEFAULT '0',
  `category_id` bigint(20) UNSIGNED DEFAULT NULL,
  `created_at` timestamp NULL DEFAULT NULL,
  `updated_at` timestamp NULL DEFAULT NULL,
  `views_count` int(11) NOT NULL DEFAULT '0'
) ENGINE=InnoDB DEFAULT CHARSET=utf8mb4 COLLATE=utf8mb4_unicode_ci;

--
-- Дамп данных таблицы `products`
--

INSERT INTO `products` (`id`, `name`, `slug`, `img`, `price`, `description`, `recommended`, `category_id`, `created_at`, `updated_at`, `views_count`) VALUES
(1, 'amet ut quae', 'amet-ut-quae', 'https://loremflickr.com/320/240', 90.03, 'Explicabo sed voluptates consectetur veniam commodi occaecati deserunt velit. Repudiandae aut repellendus consequuntur cumque non.\n\nQuos inventore dolore voluptatem numquam aspernatur ipsa temporibus. Quos excepturi rem et ea aut. Ad autem aut aut facere optio nulla. Totam in autem et laborum adipisci similique.\n\nInventore sed ea voluptatem. Neque quia reprehenderit officiis eligendi consectetur quam sequi. Animi aperiam ut suscipit qui autem exercitationem quia. Quia optio illum cumque aut.', 0, 1, '2020-07-14 08:12:20', '2020-07-14 08:12:20', 0),
(2, 'et consequuntur iure', 'et-consequuntur-iure', 'https://loremflickr.com/320/240', 12.76, 'Eos dolor similique qui corrupti corrupti fugiat ullam. Ut laudantium aut velit dolorum. In consequatur rem quo est qui autem.\n\nEst ducimus sed repellat eos excepturi aut. Voluptatem blanditiis consequuntur ut sunt voluptates non. Iure sed quia dicta quia.\n\nConsequatur eum omnis eius aliquid. Et magni qui quia nulla.', 0, 2, '2020-07-14 08:12:20', '2020-07-14 08:12:20', 0),
(3, 'neque magni et', 'neque-magni-et', 'https://loremflickr.com/320/240', 90.93, 'Provident dolores dolores dolores dolores ea. Atque iusto dolore reiciendis hic sed perspiciatis qui. Nihil provident sit id aut. Enim aspernatur quia inventore possimus reiciendis culpa.\n\nMagnam voluptatem voluptatum voluptatem sit et eligendi. Alias quis quo explicabo. Dignissimos cum nostrum est doloribus esse iste ut.\n\nDucimus et et at sapiente molestiae autem. Et aut illo id. Et eius velit tenetur quidem et. Officia maiores sequi qui nobis reiciendis consequuntur.', 1, 1, '2020-07-14 08:12:20', '2020-07-14 08:12:20', 0),
(4, 'quo nemo impedit', 'quo-nemo-impedit', 'https://loremflickr.com/320/240', 43.35, 'Dicta sunt at molestias rerum sequi. Reprehenderit quam molestias nesciunt sunt facere amet. Et voluptas et reprehenderit.\n\nEt minima provident quae blanditiis. Ea maiores quod ut omnis. Nihil sequi aperiam sit aut. Nemo quia doloremque deserunt pariatur.\n\nRepellat soluta adipisci assumenda autem voluptate. In vel sit possimus velit quaerat. Cumque voluptatem quibusdam enim in numquam.', 1, 3, '2020-07-14 08:12:20', '2020-07-14 08:12:20', 0),
(5, 'minus est et', 'minus-est-et', 'https://loremflickr.com/320/240', 73.82, 'Non doloribus impedit consequatur autem vero. Aperiam officiis et eligendi sit expedita voluptatibus minima reprehenderit. Voluptas rerum earum consequatur rerum non veniam.\n\nExcepturi voluptatum labore omnis minus quis rem. Ut quisquam exercitationem at et nulla consequuntur. Eius et excepturi nam animi maxime dolores autem minus.\n\nQui quisquam officiis omnis ipsam. Qui ut eveniet quas qui quia. Voluptatem ea omnis ipsam.', 1, 2, '2020-07-14 08:12:20', '2020-07-14 08:12:20', 0),
(6, 'eveniet totam porro', 'eveniet-totam-porro', 'https://loremflickr.com/320/240', 48.12, 'Eum iste eaque id et cumque expedita. Placeat numquam numquam repudiandae et distinctio qui officia. A amet nesciunt dolorem quos debitis. Sit dolores voluptatem dicta beatae sunt nemo.\n\nVoluptate molestiae qui qui incidunt. Aut nulla rerum voluptate non. Quasi deserunt molestiae explicabo consequatur rerum id. Hic error eius similique suscipit aut est et dolorem.\n\nMollitia omnis consectetur esse ut. Consectetur tenetur tempore vel rem et omnis qui. Doloribus doloremque tempora corrupti pariatur autem tenetur voluptate. Eius occaecati dignissimos illo maiores beatae facere aut.', 0, 1, '2020-07-14 08:12:20', '2020-07-14 08:12:20', 0),
(7, 'possimus quis rerum', 'possimus-quis-rerum', 'https://loremflickr.com/320/240', 3.31, 'Nobis soluta quos eligendi adipisci voluptates cumque ad. Aliquid et omnis et totam earum quae. Natus impedit ratione ducimus quia nostrum. Non exercitationem et praesentium quas ut ut molestiae alias.\n\nTotam in ex numquam eum fugiat blanditiis quidem. Sed odio distinctio autem ex voluptas. Perspiciatis deserunt magni est ut placeat id. Autem deserunt voluptas consequatur corrupti voluptatem quo.\n\nQuaerat iusto perferendis velit. Deserunt accusamus ut dolorem adipisci atque perferendis ex porro. Ad consectetur dolor sed eaque id eligendi. Officiis et omnis non tempore repellat.', 0, 3, '2020-07-14 08:12:20', '2020-07-14 08:12:20', 0),
(8, 'dolores aliquam sit', 'dolores-aliquam-sit', 'https://loremflickr.com/320/240', 5.89, 'Sed quidem unde in reiciendis vero at. Est reiciendis occaecati est repellat ullam quas recusandae. Qui et est sunt ut deserunt.\n\nQuae qui quia aliquam ducimus. Ipsam facere sit aut autem tempora est. Et beatae error voluptates dolor. Ut sint omnis enim est modi.\n\nAspernatur omnis animi odio sit qui ducimus rem. Quia sint esse aut eius officia quaerat tenetur. Aspernatur eligendi aut sit.', 1, 1, '2020-07-14 08:12:21', '2020-07-14 08:12:21', 0),
(9, 'omnis reiciendis ipsam', 'omnis-reiciendis-ipsam', 'https://loremflickr.com/320/240', 59.09, 'Aut quas porro rerum ut. Tenetur quas asperiores id reprehenderit fugiat. Voluptatem dolore autem facere non dolor.\n\nRerum omnis quia velit unde dolorem est rerum. Deleniti suscipit at adipisci sint nihil. Non consequatur dolorum amet fugiat vel quasi pariatur quo. Nisi maiores deleniti consequuntur consequatur praesentium maxime.\n\nSed eaque sint veniam reiciendis eum. Voluptatem incidunt esse non quia ut aspernatur molestiae dolores. Fugit dolorum sed at in quia adipisci necessitatibus. Doloribus quaerat deleniti animi rerum eaque in rem.', 0, 1, '2020-07-14 08:12:21', '2020-07-14 08:12:21', 0),
(10, 'dolor est impedit', 'dolor-est-impedit', 'https://loremflickr.com/320/240', 3.94, 'Atque laudantium ut non veritatis nemo incidunt. Laudantium provident autem ullam assumenda ratione voluptatem. Amet dicta aut laudantium qui voluptas beatae laudantium et.\n\nNemo facilis harum non consequatur magni. Voluptatum id dolorem et quibusdam. Id qui nulla impedit aut. Aut quia inventore harum maiores. Molestias ut dolorem doloribus ut est ea.\n\nIpsa dolore quia est asperiores praesentium culpa nihil. Voluptatem omnis magni sint expedita ex architecto. Alias qui qui autem inventore at illum.', 1, 3, '2020-07-14 08:12:21', '2020-07-14 08:12:21', 0),
(11, 'aut eum est', 'aut-eum-est', 'https://loremflickr.com/320/240', 66.88, 'Quaerat et sapiente natus quo. Aspernatur tenetur similique dolorum nobis. Illo ex nesciunt molestias dolorum culpa ratione. Optio illo deserunt deleniti nulla aperiam.\n\nOmnis ullam magnam nemo qui. Libero sunt ipsam id mollitia eaque eum. Voluptas eligendi aut qui sunt voluptatibus soluta perferendis.\n\nUt voluptas harum quis. Qui dolorem consequatur provident quidem quis aut.', 0, 1, '2020-07-14 08:12:21', '2020-07-14 08:12:21', 0),
(12, 'recusandae rerum fuga', 'recusandae-rerum-fuga', 'https://loremflickr.com/320/240', 99.80, 'Itaque et soluta similique. Dolorem est dolorem optio. Tempora perspiciatis laboriosam voluptatem. Qui libero autem eius.\n\nIpsa voluptatem quo et eos perspiciatis veniam. Magni non deserunt ducimus sit placeat cumque. Enim est facilis reiciendis aut dolorem fugit sunt. Occaecati molestiae est velit voluptate et doloribus sed.\n\nDolore facilis perferendis quaerat voluptatem veniam sunt possimus eius. Velit eligendi et rem est nulla. Dolorem dignissimos porro alias tenetur est dignissimos omnis. Nulla laudantium sit numquam consectetur et occaecati et. Quia aut adipisci eos quo consectetur.', 0, 1, '2020-07-14 08:12:21', '2020-07-14 08:12:21', 0),
(13, 'cupiditate itaque repellendus', 'cupiditate-itaque-repellendus', 'https://loremflickr.com/320/240', 19.15, 'Non quisquam aliquam possimus doloribus ut. Est voluptatum cum voluptatibus aut quia sit id. Veritatis doloremque odio alias consectetur vel voluptates.\n\nRerum quae velit sequi voluptas ducimus quidem incidunt et. Sunt est aut cumque et. Quasi itaque eveniet architecto et. Quibusdam necessitatibus possimus ut veniam debitis.\n\nCumque eos similique ea voluptate id doloribus. Non excepturi qui cum corporis non impedit at. Hic consectetur dolores quod id molestiae ut.', 0, 2, '2020-07-14 08:12:21', '2020-07-14 08:12:21', 0),
(14, 'delectus et praesentium', 'delectus-et-praesentium', 'https://loremflickr.com/320/240', 41.58, 'Nobis nihil eos nihil nihil id iusto non. Temporibus perspiciatis asperiores doloribus quia.\n\nEnim enim aut temporibus quis quis occaecati omnis. Voluptas in culpa nesciunt voluptas. Odio voluptatem ipsam est deleniti autem.\n\nQui et doloremque molestiae molestiae. Minus repellendus fugiat eos molestiae aut quod facere. Est sapiente aspernatur praesentium in ducimus.', 0, 3, '2020-07-14 08:12:21', '2020-07-14 08:12:21', 0),
(15, 'aut esse quidem', 'aut-esse-quidem', 'https://loremflickr.com/320/240', 53.75, 'Voluptas eaque aut repudiandae blanditiis velit iste natus architecto. Alias incidunt reprehenderit asperiores incidunt nemo officia dignissimos. Aut iure quia voluptatem perspiciatis dicta quos. Dolorem minima asperiores ab quis sed aut possimus.\n\nSed quia et non sit. Quae ipsum facere repellendus recusandae et porro. Qui enim libero optio aliquam et consectetur.\n\nRepellat recusandae consequatur ullam ea amet dolorem similique. Asperiores doloremque consequatur neque. Rerum voluptatem qui iure aliquid iusto esse expedita.', 1, 1, '2020-07-14 08:12:21', '2020-07-14 08:12:21', 0),
(16, 'ut ex nulla', 'ut-ex-nulla', 'https://loremflickr.com/320/240', 12.00, 'Ipsam quia nihil beatae in. Possimus voluptates totam autem fugit. Voluptate unde voluptates asperiores sed quia qui. Aliquam aperiam et enim porro consequuntur nam. Voluptate placeat at qui natus amet.\n\nNeque quae dignissimos veritatis itaque ea. Omnis temporibus ratione impedit reiciendis ipsam aliquid occaecati. Eligendi labore sapiente totam consequuntur.\n\nPorro quo tempora minus. Id veritatis est molestias tempore aspernatur magnam non et. Voluptas laboriosam ut facere est.', 0, 2, '2020-07-14 08:12:21', '2020-07-14 08:12:21', 0),
(17, 'quis necessitatibus sit', 'quis-necessitatibus-sit', 'https://loremflickr.com/320/240', 21.80, 'Quidem animi voluptas eum quo reprehenderit minus pariatur. Illo qui eos provident saepe. Ut impedit fugiat id sunt.\n\nEaque nostrum qui tenetur. Facilis et consequatur illum vel quasi.\n\nLaborum consequatur sed nostrum blanditiis doloremque at commodi. Vitae facilis et quae sequi rerum ipsum voluptatem veniam. Vel omnis itaque rerum sit consequatur nesciunt.', 1, 1, '2020-07-14 08:12:21', '2020-07-14 08:12:21', 0),
(18, 'amet totam aut', 'amet-totam-aut', 'https://loremflickr.com/320/240', 39.60, 'Nesciunt ratione consequatur et autem omnis temporibus. Quia sapiente molestias consequatur soluta nisi culpa. Quia quo molestias quis nisi earum et qui.\n\nMinima ut sed deleniti. Laboriosam nihil minus aut. Sed deserunt dolores asperiores nihil.\n\nQuia id dignissimos neque at consequatur et quod. Accusantium nihil accusantium vitae eos voluptatem aut. Consequuntur temporibus consequatur omnis voluptatem omnis aperiam nesciunt. Nihil et expedita aspernatur maxime natus id magni.', 1, 1, '2020-07-14 08:12:21', '2020-07-14 08:12:21', 0),
(19, 'debitis quia et', 'debitis-quia-et', 'https://loremflickr.com/320/240', 36.34, 'Est molestias voluptas recusandae earum aut. Nesciunt quo rerum quos laborum est aspernatur. Placeat nam rerum non cum. Et sed quisquam dolores quo nesciunt.\n\nEt asperiores iste aliquam et corrupti et. Et omnis sit eos. Tempore sit et est libero est omnis in. Sit id officiis sed laboriosam dolores.\n\nIpsum facere voluptatum non nam debitis voluptas. Veritatis ea voluptatem ut est rerum. Voluptatibus placeat in vel a eos eaque. Consequatur et repudiandae iusto saepe accusamus vel.', 0, 3, '2020-07-14 08:12:21', '2020-07-14 08:12:21', 0),
(20, 'exercitationem modi error', 'exercitationem-modi-error', 'https://loremflickr.com/320/240', 50.22, 'Praesentium voluptatum exercitationem unde non est. Exercitationem ut consequatur aut sint repudiandae ut fuga doloribus. Quia dolorem ipsam eos iste ipsa non quod et. Ut dolore et neque.\n\nAt dolor est et. Nemo et perferendis ullam aliquam odit.\n\nHarum blanditiis ex libero nam sit doloremque totam. Culpa nisi necessitatibus reiciendis id voluptatum incidunt. Doloribus alias dolorum minus ab libero quibusdam cum. Sunt architecto consequuntur ea sequi minus.', 1, 3, '2020-07-14 08:12:21', '2020-07-14 08:12:21', 0),
(21, 'perspiciatis mollitia quia', 'perspiciatis-mollitia-quia', 'https://loremflickr.com/320/240', 34.02, 'Amet minus a ducimus. Et sit et aspernatur molestiae nulla quia quibusdam. Ducimus nam est id minus accusamus voluptatem autem explicabo. Rerum itaque culpa dolor suscipit quos. Illum enim quo dolorem ut necessitatibus totam a.\n\nEveniet perferendis dicta voluptatem. Quisquam veniam culpa reprehenderit pariatur aut adipisci eaque. Asperiores aut modi id in cumque at eligendi dolores.\n\nQuis nulla optio maiores dicta. Quidem consequuntur iusto est ea. Omnis maiores vel tenetur officiis et expedita qui dicta.', 1, 3, '2020-07-14 08:12:21', '2020-07-14 08:12:21', 0),
(22, 'ut ut nam', 'ut-ut-nam', 'https://loremflickr.com/320/240', 26.58, 'A laborum quo facere unde quam. Dolor asperiores ducimus sit aliquid qui non nobis quo. Ea perferendis ipsum qui qui iste dolores. Quia non voluptas maiores ut ratione.\n\nMinima omnis sit similique sed velit aut. Est magni quia sed laboriosam voluptatem perspiciatis labore. Et eos explicabo eum id voluptatibus sint. Aut repudiandae quisquam aspernatur et.\n\nRepellat placeat dolorem ipsa iure sunt quas quam. Cumque ut ut nisi vero ex. Sit ab est consequatur minus.', 0, 1, '2020-07-14 08:12:21', '2020-07-14 08:12:21', 0),
(23, 'aliquam aut sit', 'aliquam-aut-sit', 'https://loremflickr.com/320/240', 19.55, 'Nisi natus omnis consequatur dignissimos qui eos nobis. Rem dicta velit neque voluptas. Quos a illum expedita facere cumque.\n\nDistinctio labore ullam quia unde ut harum. Qui id tempore odit debitis nostrum. Qui nam placeat perspiciatis. Et voluptatem quas quibusdam fugiat animi ipsum.\n\nTenetur sapiente quae laborum praesentium fugiat. Sed a repellendus dolor. Quia aut error in. Et eveniet commodi sint eos qui consequatur.', 1, 1, '2020-07-14 08:12:21', '2020-07-14 08:12:21', 0),
(24, 'assumenda incidunt id', 'assumenda-incidunt-id', 'https://loremflickr.com/320/240', 92.29, 'Consequatur quia autem ea autem. Unde odio quis quia doloribus quia iure nulla. Incidunt dicta sed eum aliquid veritatis expedita quia. Neque cumque ut fugit aut.\n\nCumque minima aspernatur nam recusandae porro. Explicabo provident eum tenetur deserunt ut nobis distinctio. Nihil architecto non cupiditate aut.\n\nSed et fugit quia explicabo voluptas non. Delectus cumque consequatur quisquam quia nobis dicta. Autem explicabo suscipit magnam deleniti repudiandae.', 0, 2, '2020-07-14 08:12:21', '2020-07-14 08:12:21', 0),
(25, 'omnis qui dolore', 'omnis-qui-dolore', 'https://loremflickr.com/320/240', 60.52, 'Qui nisi vero magnam ipsa pariatur fuga blanditiis expedita. Qui eum voluptas nisi omnis rerum et. Corrupti ut perferendis consectetur tempora fuga perspiciatis. Consequatur inventore qui omnis quidem eos minima tempore amet.\n\nUt ad quis esse excepturi. Aut maxime quod aliquid voluptatem corporis ut. Impedit alias similique nobis perferendis vel.\n\nAutem eius in veritatis rerum minus. In consequuntur repellat voluptatibus aperiam. Eum voluptatibus repellat excepturi sint maxime.', 1, 2, '2020-07-14 08:12:21', '2020-07-14 08:12:21', 0),
(26, 'perspiciatis voluptas et', 'perspiciatis-voluptas-et', 'https://loremflickr.com/320/240', 25.58, 'Impedit aut laudantium illo itaque est. Rerum est assumenda voluptatem nulla. Molestiae voluptas autem quae quibusdam dolores consequatur totam.\n\nNobis error fugit consequuntur. Libero ullam sed et recusandae dignissimos impedit veritatis. Ut saepe aliquam rerum tempora cupiditate ad.\n\nQuia minus modi rerum accusantium itaque. Repellendus sint ipsum voluptas excepturi molestias nisi. Nisi culpa explicabo expedita ipsum ratione culpa aut harum. Qui voluptatem quia qui cumque pariatur error minima.', 1, 2, '2020-07-14 08:12:21', '2020-07-14 08:12:21', 0),
(27, 'dolores aut autem', 'dolores-aut-autem', 'https://loremflickr.com/320/240', 17.43, 'Aut error explicabo consectetur quia quia aut ut sed. Rerum dolores explicabo error rerum occaecati at dolor. Voluptatem cumque illum eum autem. Quia est vel autem aut perferendis ad possimus vero.\n\nIn quod odit aspernatur recusandae et voluptas. Fuga voluptatem qui rerum qui. Omnis enim non aperiam sunt harum aperiam animi.\n\nQuis ducimus corporis et vitae vitae. Molestiae commodi aut debitis cupiditate architecto. Quod sed hic nisi mollitia quaerat voluptatem. Ex recusandae excepturi eos.', 1, 3, '2020-07-14 08:12:21', '2020-07-14 08:12:21', 0),
(28, 'incidunt dolor perspiciatis', 'incidunt-dolor-perspiciatis', 'https://loremflickr.com/320/240', 97.70, 'Excepturi occaecati laborum cumque maxime voluptas necessitatibus id. Rerum enim esse aut ratione. Velit numquam consequuntur consequatur possimus. Est sit vel deserunt corporis quisquam voluptas a.\n\nAspernatur deleniti harum odit magni facilis. Quod ut dolorem in sequi quis.\n\nAspernatur aliquid et ipsa alias quidem consequatur. Dolorem est voluptas cum qui quis distinctio. Excepturi delectus non veniam consectetur. Et voluptatem enim quis impedit sunt facilis.', 1, 1, '2020-07-14 08:12:21', '2020-07-14 08:12:21', 0),
(29, 'veritatis sapiente eius', 'veritatis-sapiente-eius', 'https://loremflickr.com/320/240', 90.37, 'Aut et porro voluptas nihil nihil tenetur. Sit quidem dolorem error minima quibusdam itaque. Aspernatur harum molestiae aut ducimus dolores facere eveniet.\n\nSapiente sapiente et modi excepturi. Id voluptatem cumque officia molestiae corporis qui. Alias qui sed distinctio asperiores earum officia quibusdam.\n\nQuos voluptas in in esse sint sit nihil eos. Qui atque et et ut velit. Sed eos molestiae omnis dolores neque. Et ut quisquam consequatur repudiandae assumenda.', 0, 3, '2020-07-14 08:12:21', '2020-07-14 08:12:21', 0),
(30, 'eum voluptatem similique', 'eum-voluptatem-similique', 'https://loremflickr.com/320/240', 15.42, 'A mollitia quia dolore dolores. Dolore aut est vel vel sint autem. Nostrum sed quia officia quasi.\n\nEt quis iure veritatis expedita omnis reprehenderit exercitationem veniam. Omnis sunt laboriosam aut quibusdam non expedita. Ipsam id et non iure.\n\nExcepturi ratione velit non vero. Cum in nulla deleniti cupiditate deserunt et perspiciatis non. Nesciunt adipisci quasi aut odio aliquid qui aut.', 1, 2, '2020-07-14 08:12:21', '2020-07-14 08:12:21', 0),
(31, 'laudantium vel voluptatem', 'laudantium-vel-voluptatem', 'https://loremflickr.com/320/240', 96.68, 'Inventore quia molestias ea ipsum reiciendis non. Expedita ut est cum vitae enim nobis aut. Exercitationem perferendis odit est vitae qui.\n\nNostrum id doloribus consequuntur hic qui assumenda aut. Nihil rerum pariatur amet sapiente provident. Architecto molestiae quo veritatis blanditiis praesentium est.\n\nDolores nam molestias occaecati aut. Voluptas tenetur dolore autem culpa. Qui dolorem aut quia maxime enim autem fugiat. Nihil repellendus atque nobis laboriosam.', 1, 1, '2020-07-14 08:12:21', '2020-07-14 08:12:21', 0),
(32, 'esse repellat ut', 'esse-repellat-ut', 'https://loremflickr.com/320/240', 77.37, 'Ut dolorem qui et est rerum consequatur harum. Enim dolor reprehenderit sint excepturi. Aut voluptatem dolores dolore similique nihil eos illum.\n\nNesciunt recusandae veritatis blanditiis officia molestias non. Alias facere accusamus quisquam. Porro exercitationem consectetur consectetur dicta eligendi laborum. Est dolore in ea est.\n\nEt fuga qui eum ipsa quos nulla ad. Sunt quo exercitationem voluptatem facere est voluptates aut. Ab culpa nihil rerum non sunt. Minima voluptatum nulla praesentium modi.', 1, 2, '2020-07-14 08:12:21', '2020-07-14 08:12:21', 0),
(33, 'voluptatibus modi dolores', 'voluptatibus-modi-dolores', 'https://loremflickr.com/320/240', 41.09, 'Nihil omnis nostrum dolorum provident officiis. Alias rem nobis qui dignissimos blanditiis. Voluptatibus ex ad distinctio veniam minima voluptatem omnis.\n\nIure iure sint distinctio reiciendis voluptatibus ad. Et quod sequi tempora omnis. Quia aut ut quia iste. Autem corrupti debitis voluptatem iure ullam et voluptatem.\n\nQui iusto ex non eos aut et optio. Ea voluptatibus ducimus nihil veritatis sequi accusamus enim.', 0, 3, '2020-07-14 08:12:21', '2020-07-14 08:12:21', 0),
(34, 'quas est cum', 'quas-est-cum', 'https://loremflickr.com/320/240', 90.02, 'Tempora quidem tempore explicabo quisquam qui enim. Ipsa repellendus autem voluptate consectetur qui debitis nihil laudantium. Numquam ea nam eaque ut ad. Temporibus beatae est qui exercitationem voluptates est laboriosam sit.\n\nUt dolores aut iure consectetur sint. Voluptatem temporibus nulla qui fugiat dolor. Velit sed sunt omnis sit tempore. Aspernatur dolore corporis eveniet sed quisquam dolorem.\n\nIure blanditiis officia ea ipsa autem consequatur. Nihil ipsam distinctio laborum cumque culpa debitis molestias. Ducimus quis dolores at et. Non deserunt consectetur commodi iusto odit et id.', 0, 1, '2020-07-14 08:12:21', '2020-07-14 08:12:21', 0),
(35, 'vero animi et', 'vero-animi-et', 'https://loremflickr.com/320/240', 57.32, 'Enim corrupti distinctio animi. Et voluptas temporibus sed a. Error maiores sit quis doloribus maxime porro qui iure. Natus sapiente delectus sint et. Est officia autem minus ad optio doloremque inventore.\n\nNam aliquid dolorum vitae. Aut possimus quis consequuntur sunt corrupti qui quas. Sapiente hic nihil reiciendis voluptas.\n\nNon voluptate autem ipsum ipsa. Nulla sunt quibusdam quidem placeat. Eos aspernatur commodi inventore rerum sint. Saepe cum qui et accusamus maxime.', 0, 2, '2020-07-14 08:12:21', '2020-07-14 08:12:21', 0),
(36, 'assumenda nisi et', 'assumenda-nisi-et', 'https://loremflickr.com/320/240', 89.34, 'Consequatur id provident perspiciatis et consequatur. Omnis nisi nulla sit corrupti dolorum. Vitae sit animi perspiciatis natus excepturi repudiandae enim consequatur.\n\nOmnis vero molestiae vel voluptates et dolores maxime eum. Eius sit cupiditate nisi. Qui est nam sed aut.\n\nAut est aut qui culpa odio. Aut odit sit temporibus odit nobis consequuntur. Amet pariatur error tenetur aliquam enim sapiente. Impedit quis dolor quos est sed.', 0, 3, '2020-07-14 08:12:21', '2020-07-14 08:12:21', 0),
(37, 'exercitationem ut sit', 'exercitationem-ut-sit', 'https://loremflickr.com/320/240', 75.55, 'Assumenda sit dolor fuga ex. Deserunt voluptate sint sed voluptatem quae expedita. Aut optio id molestias.\n\nEveniet corporis veniam voluptatem. Quam consectetur quis ducimus velit culpa quibusdam eaque. Officiis voluptatem sequi magni est. Suscipit sit qui rerum distinctio ipsam est architecto.\n\nIusto perspiciatis alias est odit voluptatem. Modi dicta recusandae sed. Nam qui non nesciunt id.', 1, 1, '2020-07-14 08:12:21', '2020-07-14 08:12:21', 0),
(38, 'vel quisquam sit', 'vel-quisquam-sit', 'https://loremflickr.com/320/240', 1.53, 'Aut aut rerum illum at nobis dolores vitae. Blanditiis est fuga omnis et doloremque sapiente qui necessitatibus. Ducimus magnam quia asperiores eum inventore rerum.\n\nDeserunt suscipit officiis porro ab rerum et. Iusto velit aut at tempora. Voluptatum iusto corrupti mollitia amet hic temporibus tempora inventore. Ut similique ut neque et. Voluptatem rerum aut eveniet delectus.\n\nVoluptates doloremque ea consequatur laudantium asperiores. Maiores aut assumenda porro nemo est magni vel. Inventore nostrum voluptate libero dicta sit non nihil ut. Ea eius quam voluptatem molestiae quisquam alias.', 1, 2, '2020-07-14 08:12:21', '2020-07-14 08:12:21', 0),
(39, 'inventore repellat vel', 'inventore-repellat-vel', 'https://loremflickr.com/320/240', 45.31, 'Neque ut distinctio et quos consequatur. Consequatur minus reiciendis ut neque fugit corporis. Ex fuga qui praesentium totam.\n\nEos ab rerum accusantium. Dignissimos dolor ex repudiandae eum dignissimos vero ratione corrupti.\n\nFuga assumenda voluptatem voluptas quibusdam iste et. Ut ad suscipit illum dolorem exercitationem facilis porro.', 0, 3, '2020-07-14 08:12:21', '2020-07-14 08:12:21', 0),
(40, 'nulla quod qui', 'nulla-quod-qui', 'https://loremflickr.com/320/240', 6.27, 'Sunt quam rerum quam. Tenetur repellat placeat quidem ipsum nesciunt. Facilis voluptas itaque aspernatur est commodi.\n\nQuae id et possimus quas expedita et accusantium a. Nemo est error veritatis nihil ea.\n\nEt id odit autem eaque enim quaerat. Excepturi officia eos maxime est facere molestiae quis quasi. Ipsa qui et odio dolores delectus.', 1, 1, '2020-07-14 08:12:21', '2020-07-14 08:12:21', 0),
(41, 'consequatur illum neque', 'consequatur-illum-neque', 'https://loremflickr.com/320/240', 60.58, 'Libero consectetur id eos omnis quod. Error voluptate aut recusandae est. Neque aut omnis illo et odio voluptatem. Alias illo omnis perferendis dignissimos enim aut.\n\nEius vitae voluptatem itaque ut. Cumque molestiae qui maiores delectus. Dolore animi est incidunt molestias odit quas. Rerum cumque fugiat quas a. Excepturi id fugit exercitationem sunt necessitatibus quisquam.\n\nEst libero ea qui culpa qui. Natus nam asperiores minima ad voluptatem enim. Laudantium consectetur iure vitae dolorum. Sunt distinctio et quia quo ipsam. Doloribus velit voluptas et corporis animi.', 1, 3, '2020-07-14 08:12:21', '2020-07-14 08:12:21', 0),
(42, 'rem quidem sit', 'rem-quidem-sit', 'https://loremflickr.com/320/240', 36.35, 'Consequatur atque repellat nisi consequatur rerum. Modi dolorem labore autem labore eum ullam est. Deserunt et maiores quibusdam quia ea facilis. Sunt fugit assumenda eos quo autem architecto cum.\n\nDolorem natus doloribus doloremque dolorem perferendis qui ipsa velit. Nihil nihil beatae laboriosam sint quia. Amet totam ipsa ratione nam nihil et quasi reprehenderit.\n\nEt ipsa rerum et aut veritatis autem possimus. Est nihil dolorem possimus explicabo dolor eligendi. Animi adipisci autem enim reprehenderit.', 1, 2, '2020-07-14 08:12:21', '2020-07-14 08:12:21', 0),
(43, 'et nemo illo', 'et-nemo-illo', 'https://loremflickr.com/320/240', 95.13, 'Rerum necessitatibus non non eum. Architecto voluptas ab dolores unde soluta nihil. Sit porro ut molestiae id pariatur.\n\nIpsa vero ipsum corrupti ducimus voluptates omnis omnis. Vel ut totam sit laboriosam omnis rem. Aut aut deserunt ab unde. Atque aperiam magni qui expedita soluta enim et.\n\nReiciendis accusamus aut libero et. Ullam numquam sunt reprehenderit adipisci aliquam. Iure excepturi nihil qui eum.', 1, 1, '2020-07-14 08:12:21', '2020-07-14 08:12:21', 0),
(44, 'ipsa cumque id', 'ipsa-cumque-id', 'https://loremflickr.com/320/240', 13.48, 'Quia sit dolores ratione enim doloremque. Excepturi ea omnis atque non iure velit error provident. Aliquid libero voluptatem fuga in dolorem ratione sit. Nobis sit laudantium aut et nulla natus recusandae.\n\nEius amet quam expedita commodi commodi. Ad illum voluptas aspernatur. Similique alias in facilis eos laboriosam et sunt. Aut et itaque quas earum nihil fugiat.\n\nPossimus sapiente quibusdam voluptatibus voluptatem voluptas molestiae. Eveniet sapiente tenetur ea veniam sit. Deleniti ut qui laudantium quis id et.', 1, 3, '2020-07-14 08:12:21', '2020-07-14 08:12:21', 0),
(45, 'voluptate ducimus consectetur', 'voluptate-ducimus-consectetur', 'https://loremflickr.com/320/240', 54.28, 'Nisi incidunt nesciunt autem non porro laboriosam recusandae. Eaque saepe et nesciunt nihil omnis et. Vitae assumenda sint deleniti voluptatum voluptas cum blanditiis. Non modi unde omnis facilis odio.\n\nModi esse iusto molestiae impedit. A repudiandae maiores rem et odio. Et a non voluptatem tenetur iure non aliquid qui.\n\nNihil tenetur ut reiciendis expedita dignissimos labore. Distinctio atque tempore est dolores ea a.', 0, 2, '2020-07-14 08:12:21', '2020-07-14 08:12:21', 0),
(46, 'repudiandae qui vel', 'repudiandae-qui-vel', 'https://loremflickr.com/320/240', 72.31, 'Cum inventore ipsam autem autem sed sunt aut. Esse est aspernatur hic tempora. Dolorem dolor quibusdam velit nam qui rerum delectus.\n\nCorrupti molestiae libero illo mollitia asperiores. Et ex et ratione ut ipsa perspiciatis magnam inventore.\n\nVoluptatem officiis eaque autem consequatur qui. Odio dolorem maiores ipsa ipsum itaque. Placeat odio cupiditate error rem. Architecto praesentium et rem quis aut rerum quos. Earum dolorem et et quas.', 0, 1, '2020-07-14 08:12:21', '2020-07-14 08:12:21', 0),
(47, 'rem ut porro', 'rem-ut-porro', 'https://loremflickr.com/320/240', 55.34, 'Qui occaecati blanditiis et aut. Eum dolor aliquid maiores nisi tempora. Eligendi est dolor autem.\n\nAd ipsa odio est reiciendis ex non rerum. Et quia eum at laudantium dolores. Debitis ducimus enim nihil veniam tempore quibusdam magni et. Harum non quia modi est odit.\n\nAperiam adipisci et neque voluptas qui enim. Similique unde similique iure totam. Eligendi labore sed aut. Optio quaerat quis reiciendis eligendi esse.', 0, 2, '2020-07-14 08:12:21', '2020-07-14 08:12:21', 0),
(48, 'necessitatibus ea fugit', 'necessitatibus-ea-fugit', 'https://loremflickr.com/320/240', 88.33, 'Velit quae sed consequatur quo est odio voluptatem facilis. Est aut numquam laboriosam minus fuga. Quo autem nisi earum tempore.\n\nSimilique aspernatur ea animi optio vel fugiat. Fugit velit ut natus. Neque quam quas eos et. Corporis ut neque minima. Minima veritatis ratione laboriosam soluta pariatur aliquam.\n\nVelit provident praesentium ullam dolores laudantium autem. Quam repellendus aut consequatur iste iusto. Rerum molestias voluptas ut voluptates quidem soluta.', 1, 2, '2020-07-14 08:12:21', '2020-07-14 08:12:21', 0),
(49, 'odit eaque vel', 'odit-eaque-vel', 'https://loremflickr.com/320/240', 42.62, 'Dicta modi quam ipsum corporis dicta iure beatae. Quo enim itaque dolor sequi accusantium esse quas. Delectus minus ullam ab et tempora. Fugiat qui inventore dolorem ad fugit a.\n\nQui amet ratione consequatur quae aspernatur est. Molestiae consequatur odit mollitia ut. Enim est in facere nihil ducimus maiores.\n\nIn expedita nam eveniet et nulla quidem omnis. Sit repudiandae repellat aspernatur ipsam qui harum. Deserunt vitae pariatur id.', 1, 3, '2020-07-14 08:12:21', '2020-07-14 08:12:21', 0),
(50, 'dolores rem non', 'dolores-rem-non', 'https://loremflickr.com/320/240', 19.22, 'Omnis odit fugiat consequuntur totam ipsum quidem facilis corporis. At omnis porro doloremque. Voluptas natus tempora quibusdam quibusdam.\n\nA quidem beatae culpa et sunt. Dicta ipsum minus nobis enim. Ex nemo perferendis suscipit aliquam quis sit. Ex sint itaque tempore ut.\n\nVeritatis et modi nemo quaerat dolor harum. Nisi fugiat blanditiis sed voluptatem iure rerum. Deleniti dignissimos quas quas. Aut quaerat quia blanditiis et totam quo reiciendis.', 1, 3, '2020-07-14 08:12:21', '2020-07-14 08:12:21', 0),
(51, 'illum consequuntur incidunt', 'illum-consequuntur-incidunt', 'https://loremflickr.com/320/240', 1.22, 'Explicabo aliquid magnam atque quod odio. Quisquam est maiores molestiae illum nulla aut ipsam. In odio eos excepturi quas.\n\nAutem tempore vitae dolor harum. Libero consequatur dolorem quam ex saepe nesciunt. Est accusantium qui ullam aut qui. Dolores labore minus ducimus ullam.\n\nReprehenderit beatae illum repellendus esse omnis. Vitae voluptatem mollitia atque. Velit quasi natus neque ipsum. Delectus nostrum est hic saepe perferendis occaecati dolores laboriosam. Dolor provident voluptatem officiis aut accusantium corrupti.', 1, 1, '2020-07-14 08:12:21', '2020-07-14 08:12:21', 0),
(52, 'quisquam ut sint', 'quisquam-ut-sint', 'https://loremflickr.com/320/240', 83.96, 'Cum repellendus molestiae beatae quas et non. Officiis ut incidunt ut exercitationem alias. Officia doloribus consequatur ad quisquam nobis.\n\nEa perspiciatis qui dolorum enim quo est. Voluptas eius quos ea assumenda dolorum.\n\nAlias fuga delectus facilis aliquam rerum unde. Repellat nihil ut tempora error eos. Quia perspiciatis voluptatem non. Ea hic cum sit non vel ut.', 0, 2, '2020-07-14 08:12:21', '2020-07-14 08:12:21', 0),
(53, 'qui eum qui', 'qui-eum-qui', 'https://loremflickr.com/320/240', 73.30, 'Ducimus et sit et aperiam qui assumenda. Beatae esse provident excepturi asperiores. Voluptates dolore porro eos.\n\nSunt eos nesciunt est sunt neque suscipit. Est pariatur delectus sed et explicabo quo odio. Sapiente voluptas dolorem beatae mollitia odit quia labore. Quibusdam aut quaerat rerum nihil sit ut sed.\n\nEt id molestiae in quasi. Culpa distinctio ut eaque est voluptates dolores. Asperiores veniam voluptates est impedit similique. Ut blanditiis ullam sapiente qui. Quibusdam eum ut impedit veritatis magnam ipsum.', 0, 1, '2020-07-14 08:12:21', '2020-07-14 08:12:21', 0),
(54, 'magni quia et', 'magni-quia-et', 'https://loremflickr.com/320/240', 44.85, 'Sunt delectus quaerat dolorum quasi veritatis ut. Error reprehenderit fuga voluptatem dolores cumque quia.\n\nIure dolorem iste quasi dignissimos. Soluta culpa dolores magni necessitatibus voluptatem ut eius. Consequatur molestias iure soluta consequuntur. Corporis dolor magnam commodi corrupti qui dolorum est in.\n\nNatus vel pariatur et qui cupiditate animi earum. Debitis enim error corrupti qui ut. Praesentium corporis tempora maiores accusantium.', 0, 1, '2020-07-14 08:12:21', '2020-07-14 08:12:21', 0),
(55, 'sequi omnis atque', 'sequi-omnis-atque', 'https://loremflickr.com/320/240', 11.89, 'Temporibus iure laudantium nisi iure dicta in. Sint nobis sint odio vel. Ipsum esse nulla qui magnam id non rerum. Quo incidunt eius odit ullam.\n\nDolor dolores ullam dolores accusamus unde. Eius doloremque doloribus quod dolorem est assumenda. Ex vero voluptatem non quia rerum nulla sunt.\n\nAccusamus optio perferendis deserunt eius non earum qui. Iste quis quas quia non aut et illo. Asperiores quibusdam in earum earum. Sunt aliquam rerum aut veniam architecto.', 1, 2, '2020-07-14 08:12:21', '2020-07-14 08:12:21', 0),
(56, 'qui fugit possimus', 'qui-fugit-possimus', 'https://loremflickr.com/320/240', 61.56, 'Inventore consequatur voluptate aspernatur ut rem. Nihil fugiat consequatur aliquid consequatur. Exercitationem earum voluptas rem cum. Numquam quas qui ex aspernatur qui velit qui.\n\nNobis et atque quis sapiente cum. Dolorum voluptatem repudiandae eum. Blanditiis nihil non aut eaque. Facilis magnam est qui atque eos et qui quo.\n\nEt repellendus reiciendis sint et. Error sunt doloribus unde beatae incidunt. Sit quam praesentium fugit eaque.', 0, 2, '2020-07-14 08:12:21', '2020-07-14 08:12:21', 0),
(57, 'expedita nihil soluta', 'expedita-nihil-soluta', 'https://loremflickr.com/320/240', 85.21, 'Debitis consequatur explicabo nobis. Maiores consequuntur ullam nisi omnis occaecati. Assumenda reiciendis consequatur quis deleniti molestiae sint itaque. Vitae minus est voluptatem.\n\nEt asperiores doloribus accusantium velit quas doloremque. Fugit amet est ipsum. Sunt voluptatum tempore nam cumque odit sit. Corporis atque autem ex qui quod tempora. Architecto hic debitis autem fuga sed ex architecto.\n\nOccaecati qui voluptatum non at. Laboriosam rem molestias ea iure facilis. Consequatur labore adipisci beatae eaque dolores velit architecto.', 1, 1, '2020-07-14 08:12:21', '2020-07-14 08:12:21', 0),
(58, 'nulla nam molestiae', 'nulla-nam-molestiae', 'https://loremflickr.com/320/240', 97.80, 'Ipsum dolor nulla inventore optio. Illum nobis facilis repellendus nihil debitis. Quia inventore ab explicabo pariatur aliquam laborum eos.\n\nEst deserunt voluptatibus mollitia doloribus praesentium unde aut fugit. Eligendi earum veniam voluptatum dolorem. Placeat qui excepturi assumenda eligendi. Consectetur cumque soluta commodi optio.\n\nRerum quo qui quasi deserunt. Doloribus qui maxime debitis voluptas provident voluptatem. Molestias numquam officiis et officiis soluta voluptatem maxime pariatur. Neque accusamus deserunt autem doloremque.', 0, 2, '2020-07-14 08:12:21', '2020-07-14 08:12:21', 0),
(59, 'assumenda sequi voluptatem', 'assumenda-sequi-voluptatem', 'https://loremflickr.com/320/240', 14.20, 'Mollitia voluptatibus sint et accusamus quia. Animi repellat tenetur ipsum dolorem fugiat est vero. Omnis sapiente laborum repudiandae alias et commodi vitae.\n\nEt exercitationem aut non incidunt. Voluptas itaque incidunt incidunt deleniti pariatur in. Non dolores error possimus at voluptas qui voluptate. Doloribus esse consequatur quasi suscipit.\n\nExpedita ex ea aut qui. Nihil laborum ut eum. Dolorem est hic similique autem et. Eligendi impedit asperiores consequatur voluptatem.', 0, 2, '2020-07-14 08:12:21', '2020-07-14 08:12:21', 0),
(60, 'veniam ut quia', 'veniam-ut-quia', 'https://loremflickr.com/320/240', 59.49, 'Incidunt dolorem modi et dolorum quia ut dolores. Quam vel repudiandae reiciendis dolores. Qui consequatur placeat nihil dolore quam quo magnam nobis. Tempore autem quo possimus molestiae dolores quia.\n\nEum sit vel saepe aspernatur. Et voluptate ipsam architecto commodi dolor velit dolorem. Excepturi deleniti ducimus dolores ipsam. Eum id et voluptate cupiditate voluptas dolorum rem.\n\nQuae laboriosam rerum libero. Est consequatur non fuga quis commodi. Omnis fugit autem exercitationem reiciendis voluptatibus incidunt adipisci. Voluptatem corrupti enim eos aut veritatis atque cumque.', 0, 2, '2020-07-14 08:12:21', '2020-07-14 08:12:21', 0),
(61, 'eaque cupiditate qui', 'eaque-cupiditate-qui', 'https://loremflickr.com/320/240', 1.93, 'Nisi et repudiandae beatae. Debitis dolores quasi assumenda rem. Dolor voluptates sit ducimus sed odio.\n\nNatus incidunt nulla quia molestiae omnis. Et repudiandae deserunt esse consequatur.\n\nCorrupti est aut quia quia fugiat. Laborum sit cum vitae molestiae. Est soluta consequatur temporibus veritatis expedita enim.', 1, 2, '2020-07-14 08:12:21', '2020-07-14 08:12:21', 0),
(62, 'nesciunt quam vitae', 'nesciunt-quam-vitae', 'https://loremflickr.com/320/240', 66.42, 'Et incidunt quo debitis aspernatur aut quia. Consequatur architecto error eos culpa est. Expedita recusandae eos et. Veritatis eveniet aut est amet vel optio nihil. Harum molestiae quasi facilis ut eveniet molestiae ut ipsam.\n\nEst voluptatibus et blanditiis sit error ut. Id harum facilis qui blanditiis voluptatem. Distinctio distinctio porro dolor excepturi. Et et expedita sit alias qui libero eligendi dolorum. Blanditiis praesentium quisquam nihil mollitia.\n\nNobis est ducimus itaque amet. Cupiditate est est repellendus ullam et et optio. Error qui ut sit rem fugit molestias. Est incidunt blanditiis ut atque deleniti ea.', 0, 2, '2020-07-14 08:12:21', '2020-07-14 08:12:21', 0),
(63, 'voluptatem iusto error', 'voluptatem-iusto-error', 'https://loremflickr.com/320/240', 46.65, 'Ullam aut quisquam ut consectetur itaque. In voluptatem ut voluptatum et repellat numquam. Minus ea iure quis mollitia. Sint nobis rerum impedit ad et eveniet facere officiis.\n\nQuod odit est omnis ad omnis rerum saepe. Ex et modi magnam repellendus.\n\nEnim consequatur non consequatur itaque error. Eligendi voluptatem molestias nisi voluptatum tempora. Eum quasi ea ea quis adipisci veritatis mollitia doloribus. Praesentium quia et et commodi.', 1, 2, '2020-07-14 08:12:21', '2020-07-14 08:12:21', 0),
(64, 'impedit deleniti quas', 'impedit-deleniti-quas', 'https://loremflickr.com/320/240', 33.60, 'Aut nobis quia iste. Quidem consectetur et porro quis dolorem accusamus reiciendis qui. Ea quisquam suscipit et eum amet deserunt.\n\nQuidem eligendi cum debitis animi reiciendis ipsum ipsum quia. Autem sint recusandae reiciendis. Amet omnis consequatur consequatur quibusdam quas eos quia. Necessitatibus qui velit porro.\n\nLaboriosam aut quos nihil eaque molestiae accusamus. Maiores iste sapiente ex est accusamus. Necessitatibus perspiciatis molestias labore inventore.', 0, 2, '2020-07-14 08:12:21', '2020-07-14 08:12:21', 0),
(65, 'natus qui sit', 'natus-qui-sit', 'https://loremflickr.com/320/240', 53.91, 'Debitis qui omnis sint id ducimus eligendi nesciunt. Quia iure deserunt esse iure consectetur id amet magnam. Dolorum atque et cupiditate minima.\n\nEum pariatur temporibus reiciendis eos quasi suscipit molestiae sint. Ut molestias delectus et sed molestias et perspiciatis ad. Quia ut nobis aut amet.\n\nVelit architecto at veniam tenetur. Enim et porro deleniti distinctio illo architecto et. Aut quia et ratione voluptatem.', 1, 2, '2020-07-14 08:12:21', '2020-07-14 08:12:21', 0),
(66, 'sequi qui neque', 'sequi-qui-neque', 'https://loremflickr.com/320/240', 34.91, 'A unde sunt doloremque delectus pariatur architecto repudiandae. A cumque enim asperiores accusantium et. Magni quo minus quisquam consequatur.\n\nAsperiores inventore similique quo libero aliquam animi. Consequatur officia voluptatem assumenda. Aut et qui rerum aut aut consectetur eveniet excepturi.\n\nMaiores et nesciunt officia non exercitationem. Voluptatum explicabo provident quaerat. Molestiae ut reiciendis ut iste illum et et.', 1, 3, '2020-07-14 08:12:21', '2020-07-14 08:12:21', 0),
(67, 'iure deleniti rem', 'iure-deleniti-rem', 'https://loremflickr.com/320/240', 83.02, 'Ut deleniti est aspernatur rerum accusantium consequatur beatae. Cum ipsam aut quia doloribus labore quia aut. Veritatis aut mollitia et.\n\nQui aliquid id sed id. Eos autem enim sit necessitatibus.\n\nBlanditiis et nihil voluptate sed est suscipit dignissimos. Dolores vero iusto illo ratione. Amet vel velit vel natus architecto. Est magni debitis maiores expedita. Animi est et eius velit dolore.', 1, 3, '2020-07-14 08:12:21', '2020-07-14 08:12:21', 0),
(68, 'voluptatem amet amet', 'voluptatem-amet-amet', 'https://loremflickr.com/320/240', 39.40, 'Tenetur neque assumenda nam et ut omnis ea. Dolores ab numquam ut mollitia excepturi non sint. A voluptatem et minima aperiam. Et voluptas aut et velit illo quisquam porro veritatis.\n\nCumque et et itaque quod amet. Quasi voluptas est ipsa facilis non. Facere rerum eos nam harum ullam nobis ut.\n\nIpsa temporibus debitis nesciunt. Excepturi accusamus non saepe id tempora hic distinctio. Corporis veritatis accusantium nulla corporis inventore. Numquam consequatur quas quia eos harum voluptatem velit.', 1, 3, '2020-07-14 08:12:21', '2020-07-14 08:12:21', 0),
(69, 'sapiente et alias', 'sapiente-et-alias', 'https://loremflickr.com/320/240', 96.33, 'Aut dicta id vero voluptatem. Harum deleniti porro alias rerum tempore eum at excepturi.\n\nEt exercitationem et voluptas nihil nihil cum. Voluptatibus hic saepe numquam quo animi. Mollitia sed libero distinctio similique voluptas quia. Eveniet voluptas similique inventore atque vel.\n\nEst totam molestias quis sed voluptates similique cum. Consequatur autem veritatis quo ut ea voluptatem. Id enim deleniti cupiditate incidunt aut culpa.', 1, 1, '2020-07-14 08:12:21', '2020-07-14 08:12:21', 0),
(70, 'molestiae non expedita', 'molestiae-non-expedita', 'https://loremflickr.com/320/240', 30.63, 'Culpa vitae quod in dolor nisi odit. Distinctio molestias odit facilis.\n\nUllam eius a nulla omnis quasi. Vitae eveniet dignissimos ea nisi nulla veniam. Quas voluptatem et sapiente et. Ratione perspiciatis dolorum ipsa nesciunt ut et quia.\n\nSit fugiat eaque aut adipisci velit quia. Occaecati quo debitis error in. Officiis rerum quam est ut alias.', 0, 2, '2020-07-14 08:12:21', '2020-07-14 08:12:21', 0),
(71, 'sed debitis numquam', 'sed-debitis-numquam', 'https://loremflickr.com/320/240', 30.36, 'Nobis perspiciatis consequuntur accusamus in rerum pariatur. Ut consequuntur laudantium adipisci cumque. Aperiam amet eos voluptatem ratione.\n\nNisi quis earum maiores voluptatem temporibus. Vero impedit vitae sed cum numquam non corrupti. Quos delectus laboriosam non voluptatum eos possimus et voluptatem. Voluptas dicta rem voluptas eum facilis optio. Quia magni ducimus dolor vitae pariatur.\n\nRepellat occaecati cupiditate in. Modi ea eveniet omnis atque ab amet facere. Repellat blanditiis atque aut delectus id.', 1, 3, '2020-07-14 08:12:21', '2020-07-14 08:12:21', 0),
(72, 'labore dolore laboriosam', 'labore-dolore-laboriosam', 'https://loremflickr.com/320/240', 69.08, 'Commodi aliquam aut eveniet provident recusandae. Fugiat est sunt necessitatibus et.\n\nEa expedita qui ipsum consequatur omnis mollitia ratione enim. Nihil enim voluptatum et perferendis voluptates deleniti consequatur. Consectetur nemo quasi id iure deleniti enim perferendis et.\n\nEaque tempore aut ea. Sint ut sunt est suscipit quo quibusdam nulla temporibus. Ut ipsa alias quibusdam facilis omnis corporis fugiat amet. Corporis delectus qui voluptas. Dicta ratione nobis molestiae ullam porro et explicabo.', 0, 3, '2020-07-14 08:12:21', '2020-07-14 08:12:21', 0),
(73, 'soluta tenetur sed', 'soluta-tenetur-sed', 'https://loremflickr.com/320/240', 14.22, 'In odit ut id architecto consequatur maxime sed. Molestiae enim deleniti vero. Ut voluptas asperiores deleniti nihil.\n\nEius in autem fugiat reiciendis sapiente corrupti rerum. Odio corrupti pariatur consectetur dolor voluptatem deserunt. Quia quis dicta et dolorem quisquam atque repellat. Omnis recusandae ratione illum deserunt omnis quos cum.\n\nVoluptate unde voluptas sunt sunt atque quisquam rerum. Laborum expedita suscipit commodi. Commodi voluptas rem cum enim sunt. Error illo vero magnam eius. Iure saepe et fuga odit.', 0, 3, '2020-07-14 08:12:21', '2020-07-14 08:12:21', 0),
(74, 'voluptas sit provident', 'voluptas-sit-provident', 'https://loremflickr.com/320/240', 54.24, 'Tempora veritatis ratione numquam. Quo recusandae exercitationem voluptas explicabo a dolorum veniam. Voluptatem nostrum sed reiciendis eos. Dignissimos possimus eos quis quae quis fugit.\n\nCulpa id qui labore optio. Iusto illo est voluptatem. Excepturi aliquam voluptate maxime. Aut ipsa et inventore quo.\n\nHic perspiciatis iusto velit. Et eveniet sed et aut dolorem quia. Suscipit recusandae quam ut ut. Aut ut adipisci sit vitae temporibus consequatur rerum.', 0, 3, '2020-07-14 08:12:21', '2020-07-14 08:12:21', 0),
(75, 'amet sapiente consequatur', 'amet-sapiente-consequatur', 'https://loremflickr.com/320/240', 52.00, 'Quidem fugit hic ut. Voluptas vero autem nulla sit quia aut ipsum. Deleniti omnis optio id est assumenda.\n\nEst qui soluta quis quia cum culpa. Dolores laudantium eligendi qui dolorem maxime. Architecto culpa aut mollitia optio nostrum repellat deserunt.\n\nReprehenderit dolor nemo rem dignissimos tempore exercitationem aut. Et et repellat perspiciatis fugit et voluptas qui. Sapiente et autem provident dignissimos et ipsa.', 0, 1, '2020-07-14 08:12:21', '2020-07-14 08:12:21', 0),
(76, 'laboriosam reprehenderit consequuntur', 'laboriosam-reprehenderit-consequuntur', 'https://loremflickr.com/320/240', 15.40, 'Nobis minima quis asperiores eum tempora consequuntur. Nostrum placeat quaerat nobis et laboriosam. Et cupiditate at ea nam.\n\nNisi impedit sint sequi. Ex magnam nesciunt ratione est vitae voluptas maiores vel. Aperiam dolore quis molestiae quis odio velit. Sunt totam maiores est non odio est vel consequatur.\n\nOptio quibusdam velit commodi dolor omnis perferendis ut. Sit repellendus voluptatibus vel unde. Temporibus nobis fugit quos totam et. Totam facere consequatur et odit voluptatibus.', 1, 1, '2020-07-14 08:12:21', '2020-07-14 08:12:21', 0),
(77, 'animi facere et', 'animi-facere-et', 'https://loremflickr.com/320/240', 5.85, 'Vitae omnis accusamus aut voluptatibus itaque. Fuga animi esse officia nam soluta et omnis placeat.\n\nQuaerat quam pariatur eveniet quibusdam repudiandae. Illum aspernatur molestiae qui eius. Modi temporibus architecto molestiae et qui esse nisi.\n\nExercitationem similique voluptatibus voluptas tempora et ratione quibusdam rerum. Sapiente atque dolor amet laborum aut. Odio velit et veritatis ut. Nihil consequuntur facilis minima.', 0, 1, '2020-07-14 08:12:21', '2020-07-14 08:12:21', 0),
(78, 'neque exercitationem error', 'neque-exercitationem-error', 'https://loremflickr.com/320/240', 14.57, 'Porro iure similique quia tenetur sit non. Quia facere inventore quia similique voluptas voluptatem. Dolorem quibusdam dolores deleniti libero odit id.\n\nHic quia sed non fuga architecto impedit. Consequatur beatae ex excepturi dolorem pariatur occaecati eligendi. Et possimus earum aut et earum et. Non enim error quo voluptatibus quasi ut aut.\n\nMagnam et facere mollitia quo quidem in. Aut dignissimos aut dolores fuga. Accusantium quidem recusandae officia et.', 1, 2, '2020-07-14 08:12:21', '2020-07-14 08:12:21', 0),
(79, 'enim molestiae atque', 'enim-molestiae-atque', 'https://loremflickr.com/320/240', 47.10, 'Delectus recusandae qui ex nisi velit. Corporis et aperiam officiis accusamus ab ut. Sunt et eveniet in nisi ut amet. Sit assumenda nemo nihil vitae rerum adipisci.\n\nAutem inventore quia velit quia adipisci veritatis cumque. Facere non saepe optio beatae facere qui. Beatae commodi quia dolor ad quam quo non.\n\nVoluptas qui commodi error ut. Blanditiis cum ipsam ab quaerat fugit est. Dignissimos beatae rerum consequatur sit.', 0, 2, '2020-07-14 08:12:21', '2020-07-14 08:12:21', 0),
(80, 'maiores nisi dolores', 'maiores-nisi-dolores', 'https://loremflickr.com/320/240', 95.77, 'Et eum rerum praesentium excepturi nisi odit ab. Voluptates quas et inventore et accusantium. Nihil atque dolor tenetur adipisci distinctio occaecati dolorum.\n\nUt in facilis voluptatem eligendi autem. Molestiae adipisci ullam nam illum consequatur fuga. Qui consequuntur voluptatem sit omnis est.\n\nConsectetur voluptatem consequatur aut laboriosam. Ipsum saepe ratione exercitationem ad. Voluptatem rerum modi est aut non molestiae officiis voluptas.', 0, 2, '2020-07-14 08:12:21', '2020-07-14 08:12:21', 0);
INSERT INTO `products` (`id`, `name`, `slug`, `img`, `price`, `description`, `recommended`, `category_id`, `created_at`, `updated_at`, `views_count`) VALUES
(81, 'aut laudantium et', 'aut-laudantium-et', 'https://loremflickr.com/320/240', 66.27, 'Alias velit voluptas omnis quaerat. Harum culpa quos eveniet qui libero sed. Magnam distinctio temporibus nihil repudiandae ipsa nam expedita. Id harum occaecati rerum.\n\nAut omnis optio necessitatibus eius. Minus cumque aut ut nulla architecto. Nostrum sapiente est odio enim.\n\nQuo perferendis dolorum non aut. Repudiandae possimus culpa ullam et fugit. Libero numquam qui asperiores perspiciatis assumenda a facere. Sequi vitae distinctio impedit temporibus dolorem voluptatem.', 1, 1, '2020-07-14 08:12:21', '2020-07-14 08:12:21', 0),
(82, 'dicta esse sed', 'dicta-esse-sed', 'https://loremflickr.com/320/240', 55.03, 'Ea libero nisi et. Voluptatum placeat ullam eos facilis et. Amet repellat aut fugit fugit quia dicta voluptatem exercitationem.\n\nEst at blanditiis dignissimos. Quis atque voluptatem non. Et non dolores sed fuga sapiente est.\n\nNam et fuga et rem et quod fugit. Et est beatae non quia aliquid nesciunt modi. In sed consequatur enim libero. Quod qui qui vel minima soluta in cumque. Quaerat qui non architecto nihil eaque sunt.', 1, 3, '2020-07-14 08:12:21', '2020-07-14 08:12:21', 0),
(83, 'possimus odio et', 'possimus-odio-et', 'https://loremflickr.com/320/240', 58.10, 'Molestiae adipisci est hic laudantium. Quis voluptatibus dignissimos earum accusamus officiis. Quia sed sed libero nihil et expedita.\n\nEum dignissimos dolores accusantium libero ea blanditiis. Quasi assumenda saepe molestiae et rerum officia corporis. Enim vel reprehenderit eligendi repellat. Fugit voluptas necessitatibus error laudantium rerum sit quae voluptatem.\n\nEt quis hic reiciendis sint. Vitae autem blanditiis in voluptatem praesentium quos. Non sed minima rerum aperiam. Et adipisci amet ut voluptatem.', 0, 2, '2020-07-14 08:12:21', '2020-07-14 08:12:21', 0),
(84, 'quidem molestias nesciunt', 'quidem-molestias-nesciunt', 'https://loremflickr.com/320/240', 13.63, 'Cupiditate ut aut recusandae ea ad. Sunt quidem ad qui dolor provident totam eum. Minima omnis voluptatum et inventore facilis. Sit error dolorum a quia fugiat itaque.\n\nAlias amet impedit voluptatem et aut aut excepturi. Et vel incidunt et atque quaerat alias suscipit qui. Doloribus labore eveniet atque quo quos.\n\nHarum sed et deleniti nisi et iusto. Fuga eos reiciendis quo harum neque nulla. Assumenda laudantium voluptas necessitatibus nobis quia.', 0, 1, '2020-07-14 08:12:21', '2020-07-14 08:12:21', 0),
(85, 'fugiat minus corrupti', 'fugiat-minus-corrupti', 'https://loremflickr.com/320/240', 6.07, 'Similique recusandae quia qui velit omnis. Commodi iure soluta et aperiam et perspiciatis. Rerum iusto laborum sapiente nesciunt doloribus nemo et. Veniam suscipit optio cumque.\n\nOmnis culpa deleniti cum totam et est. Eos rem minus eius id quis repellat. Aut quam ipsam vero.\n\nNon ipsum molestiae officia reprehenderit facere perspiciatis dolor. Ratione commodi maiores ut est sapiente. Beatae eum minima error praesentium voluptatum. Excepturi ducimus sed veritatis ut aliquid id.', 0, 1, '2020-07-14 08:12:21', '2020-07-14 08:12:21', 0),
(86, 'odio voluptatem nihil', 'odio-voluptatem-nihil', 'https://loremflickr.com/320/240', 73.22, 'Rem voluptatem quibusdam aut eos facere consequatur in. Rem dolores corrupti suscipit omnis omnis dolor et. Doloribus nam voluptatem fugiat culpa error. Sapiente distinctio error et aut eum necessitatibus.\n\nRerum pariatur et nesciunt similique consectetur explicabo. Eos velit harum voluptas et quibusdam quas rerum. Quis rem quaerat distinctio quae temporibus earum.\n\nTotam dicta et voluptas quae omnis nihil. Fuga nobis aut sequi voluptatem optio. In dolores et voluptatem cumque dolorum officiis cum.', 1, 3, '2020-07-14 08:12:21', '2020-07-14 08:12:21', 0),
(87, 'et blanditiis delectus', 'et-blanditiis-delectus', 'https://loremflickr.com/320/240', 57.84, 'Laborum est quia aut et quis omnis. Aut a mollitia sequi assumenda sint consequatur deserunt. Debitis deleniti itaque qui. Pariatur nam laudantium minima.\n\nPorro autem modi sunt consequatur nobis. Rerum perspiciatis est sapiente earum delectus. Voluptatum debitis repellendus eos ipsam commodi iure rerum.\n\nOmnis ut a voluptate doloribus placeat ratione aut. Quas earum officiis beatae vero dicta minus. Quasi id in quo veniam.', 1, 3, '2020-07-14 08:12:21', '2020-07-14 08:12:21', 0),
(88, 'explicabo voluptatem cum', 'explicabo-voluptatem-cum', 'https://loremflickr.com/320/240', 31.87, 'Dolore aut voluptatem molestiae sed eius eum voluptatem maiores. Ipsum amet ipsum animi culpa fugiat autem. Totam aliquam voluptas corrupti excepturi sint enim.\n\nEsse esse perspiciatis nostrum aperiam qui consequatur ea. Non consequatur quidem iusto et rem ratione. Ea omnis maiores rerum.\n\nVitae ea in quod. Quidem aut et et voluptatem incidunt.', 1, 2, '2020-07-14 08:12:21', '2020-07-14 08:12:21', 0),
(89, 'qui a autem', 'qui-a-autem', 'https://loremflickr.com/320/240', 98.53, 'Recusandae voluptatem nisi aut sequi. Ea repudiandae odio pariatur id ex. Qui autem pariatur et nihil repellat.\n\nSimilique nisi temporibus quia alias occaecati. Rerum unde quia error praesentium. Aliquid vel quod rem et qui fuga. Nisi sapiente vel culpa possimus et.\n\nSequi rerum est assumenda eius ea. Expedita quam dolore quis et eius consequuntur. Quasi eligendi in similique ab est id doloribus. Enim quia corporis sapiente voluptates ut.', 1, 1, '2020-07-14 08:12:21', '2020-07-14 08:12:21', 0),
(90, 'at nulla voluptatem', 'at-nulla-voluptatem', 'https://loremflickr.com/320/240', 63.54, 'Aspernatur aut consequatur consectetur quas consectetur hic consequuntur est. Facere doloribus et eum aut magnam corrupti. Voluptates sed natus in quo eveniet.\n\nDolor molestias sed ipsum doloremque sunt. Enim alias adipisci nihil unde velit. Asperiores dicta quod tempora soluta et nihil aut. Corporis eveniet est cumque possimus quaerat quam earum quis. Vel alias dolorum molestiae magni minima.\n\nVelit occaecati voluptates et quia voluptatem deserunt. Ad dolor et qui totam. Et magni ipsum magnam sunt dolore.', 0, 1, '2020-07-14 08:12:21', '2020-07-14 08:12:21', 0),
(91, 'iusto tempore porro', 'iusto-tempore-porro', 'https://loremflickr.com/320/240', 8.38, 'Consequatur tempore culpa sequi iste. Fugit repellat vel molestiae non ratione possimus. Perferendis eos dolores saepe impedit rerum a libero.\n\nMaxime aut sequi non non consequatur aliquid. Sed molestiae dolores ab neque laudantium molestiae. Voluptatibus iure nam quo in eveniet aut possimus laboriosam. Quasi delectus eaque modi fuga.\n\nPerspiciatis explicabo exercitationem consequuntur earum et minima dolor magnam. Omnis sed beatae aliquam impedit. Cum ea rerum nihil iste mollitia. Sapiente magnam expedita amet sit.', 0, 3, '2020-07-14 08:12:21', '2020-07-14 08:12:21', 0),
(92, 'omnis asperiores doloremque', 'omnis-asperiores-doloremque', 'https://loremflickr.com/320/240', 5.31, 'Maxime dolorem ad quia itaque id dolor. Numquam laudantium repellendus quos sed assumenda et. Et aut illum ea ut necessitatibus.\n\nEaque nihil est asperiores est natus. In fugit asperiores exercitationem beatae.\n\nFugiat sed et possimus et. Reprehenderit architecto repellat voluptate et ratione odit. Perspiciatis alias consequatur neque. Ut blanditiis dignissimos aut tenetur nam illum quos ipsa.', 1, 1, '2020-07-14 08:12:21', '2020-07-14 08:12:21', 0),
(93, 'eligendi doloribus quasi', 'eligendi-doloribus-quasi', 'https://loremflickr.com/320/240', 26.03, 'Placeat expedita qui doloribus cupiditate asperiores. Et ratione molestias et.\n\nQuasi omnis et ut ea. Maiores nihil qui beatae quae ipsam aut repellendus unde. Sint cupiditate vitae omnis reprehenderit quas voluptates.\n\nOmnis omnis ut officia et. Similique eveniet minus quisquam illo distinctio maxime. Soluta quis sit ullam quis magnam sit.', 0, 3, '2020-07-14 08:12:21', '2020-07-14 08:12:21', 0),
(94, 'et qui impedit', 'et-qui-impedit', 'https://loremflickr.com/320/240', 75.23, 'Nostrum at ipsum dolorum dolore impedit blanditiis. Ullam eius mollitia deserunt et. Amet similique tempore et delectus repellendus quod.\n\nDolorum laboriosam sint et mollitia et nesciunt cum expedita. Perferendis est accusamus repellendus perspiciatis reprehenderit. Officia quibusdam dolores et aut dolorem.\n\nLibero aliquid maxime in consequuntur ipsa qui. Sint molestiae fugiat et architecto aperiam. Similique velit excepturi incidunt dolores totam sint eum. Qui temporibus aliquam tempora temporibus ut quis.', 1, 1, '2020-07-14 08:12:21', '2020-07-14 08:12:21', 0),
(95, 'facilis architecto aut', 'facilis-architecto-aut', 'https://loremflickr.com/320/240', 50.95, 'Autem natus sunt eos aut in et iure reprehenderit. Ipsum quia voluptas ut eos. Quibusdam doloremque molestiae esse.\n\nIn est dicta minima. Tenetur ex omnis rem molestias sapiente. Distinctio ab ut inventore est. Quo nostrum officiis voluptatem adipisci numquam nihil sint.\n\nSaepe et repellat et quidem. Ea sint temporibus omnis voluptatum earum. Quos iure quos dolorem sed. Enim blanditiis dolores aut.', 0, 1, '2020-07-14 08:12:21', '2020-07-14 08:12:21', 0),
(96, 'reprehenderit assumenda corrupti', 'reprehenderit-assumenda-corrupti', 'https://loremflickr.com/320/240', 58.73, 'Alias commodi eligendi sed voluptas aut aspernatur qui incidunt. Dolorem soluta mollitia accusantium soluta. Architecto cum ut incidunt odit qui corporis unde.\n\nBlanditiis repudiandae delectus ad nesciunt. In et ratione eligendi dolor dicta. Et distinctio sint quia perspiciatis.\n\nArchitecto doloribus reprehenderit expedita harum animi aspernatur. Et omnis aliquid accusantium porro.', 1, 2, '2020-07-14 08:12:21', '2020-07-14 08:12:21', 0),
(97, 'est nihil enim', 'est-nihil-enim', 'https://loremflickr.com/320/240', 37.73, 'Aspernatur velit quibusdam distinctio corporis quibusdam animi sequi. Saepe non minima aliquam nemo quos et dolorum laudantium. Alias labore odit dicta ducimus sit quo sit.\n\nLaudantium rerum ut est dolorum. Consequatur qui cupiditate fuga dolorum. In odit modi neque vel perferendis qui. Provident dolores delectus doloribus quasi laudantium.\n\nUt magni et ratione deserunt. Ut animi corporis rerum dicta porro dignissimos tempore nisi. Quia ullam iure aut minus sapiente. Beatae maiores doloremque non.', 0, 1, '2020-07-14 08:12:21', '2020-07-14 08:12:21', 0),
(98, 'officiis quis vero', 'officiis-quis-vero', 'https://loremflickr.com/320/240', 16.84, 'Exercitationem consequuntur vel laboriosam ea molestias qui delectus. Esse iure iusto esse molestias dolore et. Soluta fugit esse quo explicabo voluptas.\n\nBlanditiis explicabo omnis qui culpa blanditiis. Exercitationem ut facilis et ratione suscipit exercitationem. Ex eum saepe quia illum exercitationem non.\n\nOptio quis aut vel quo fugit earum in. Dolore dolorem tenetur sed illum optio in. Molestiae delectus sequi dolor nemo.', 1, 1, '2020-07-14 08:12:21', '2020-07-14 08:12:21', 0),
(99, 'quam eveniet rerum', 'quam-eveniet-rerum', 'https://loremflickr.com/320/240', 66.59, 'Corporis tempora officia tempore provident quia ut. Quis aut magni earum error autem sequi fugiat. Qui totam iusto molestiae qui.\n\nQuae ut est deleniti optio. Reiciendis nihil consectetur ut magni cupiditate labore vel. Exercitationem sapiente id at nemo ut vero. Suscipit accusantium nostrum in occaecati et deserunt.\n\nRerum officiis eum ipsam est ullam sed sit enim. Molestiae est ut sit adipisci. Veritatis est sit nesciunt ullam non. Ratione eligendi aut labore eius sint.', 0, 1, '2020-07-14 08:12:21', '2020-07-14 08:12:21', 0),
(100, 'alias ea ratione', 'alias-ea-ratione', 'https://loremflickr.com/320/240', 50.79, 'Recusandae officiis aut cumque explicabo. Itaque quidem numquam corporis animi quod. Tempora exercitationem facere doloribus velit. Vitae ut rerum aut fuga.\n\nEa est rerum qui ducimus suscipit. Dolor deserunt cum qui enim dolor rem. Non facilis iusto tenetur et sint dolores.\n\nLaborum velit magni fuga sed inventore voluptatibus qui. Aut deleniti quia magnam quos velit aut. Consectetur voluptatibus eos suscipit dolor aut laboriosam. Ducimus maxime repudiandae ut ut quo.', 1, 2, '2020-07-14 08:12:21', '2020-07-14 08:12:21', 0);

-- --------------------------------------------------------

--
-- Структура таблицы `reviews`
--

CREATE TABLE `reviews` (
  `id` bigint(20) UNSIGNED NOT NULL,
  `review` text COLLATE utf8mb4_unicode_ci,
  `user_id` bigint(20) UNSIGNED DEFAULT NULL,
  `product_id` bigint(20) UNSIGNED DEFAULT NULL,
  `created_at` timestamp NULL DEFAULT NULL,
  `updated_at` timestamp NULL DEFAULT NULL
) ENGINE=InnoDB DEFAULT CHARSET=utf8mb4 COLLATE=utf8mb4_unicode_ci;

--
-- Дамп данных таблицы `reviews`
--

INSERT INTO `reviews` (`id`, `review`, `user_id`, `product_id`, `created_at`, `updated_at`) VALUES
(1, 'Harum omnis dolorum doloribus sed omnis commodi. Tempore non eius nam. Neque et necessitatibus esse doloremque. Non vitae totam quis consequatur quis explicabo voluptatem.\n\nConsequuntur sed eius eius mollitia. Eaque ut perferendis quibusdam voluptate perspiciatis deserunt quia. Distinctio ut nihil qui atque.\n\nNulla ut hic corrupti dolor cum officia non. Qui repudiandae rerum cupiditate nulla aut. Rerum nihil repudiandae ab voluptatum.', 1, 60, '2018-05-02 16:56:14', '2020-07-14 08:12:21'),
(2, 'Eius dolorum voluptate illo animi at. Facilis suscipit voluptate praesentium. Impedit ipsam neque aut. Et vero perferendis facilis. Excepturi eaque quaerat ea est est consectetur est.\n\nVeritatis consequuntur quis explicabo et corrupti. Modi nemo qui ex aut quibusdam dolorem. Rerum voluptate deserunt quibusdam sed at debitis earum quibusdam. Ullam aut aperiam sit et recusandae.\n\nMinima et nam dignissimos maxime natus repellat voluptas. Quasi et sit fuga consequatur voluptatem nisi laborum. Qui illum dolorem molestiae aut vel blanditiis autem.', 9, 26, '2019-12-15 07:37:58', '2020-07-14 08:12:21'),
(3, 'Omnis laborum ad eveniet illo nihil. Beatae asperiores quos et quia vero quo.\n\nCum accusantium dolorum vel qui voluptatem doloremque aliquam. Sint consequatur ut est fugit. Voluptas corporis eligendi distinctio qui dolorum non sit. Numquam eveniet soluta sunt ad eos illum fugiat.\n\nNobis quibusdam laboriosam dolorem dolorem hic omnis. At repellat dignissimos occaecati consequatur voluptatibus. Debitis quia qui voluptatem incidunt. Praesentium dolor ut voluptatem corporis sit ratione qui in. Possimus id illo libero illo.', 2, 85, '2015-11-29 04:42:13', '2020-07-14 08:12:21'),
(4, 'Sunt illo optio suscipit optio perspiciatis natus veniam. Rerum ea voluptatum sed vero eius cupiditate deserunt. Et perspiciatis temporibus voluptatem ipsum aperiam. Nostrum quaerat quae architecto molestias eos voluptas.\n\nCum ut voluptatum illum est suscipit non quas. Excepturi eum officiis voluptas necessitatibus rem inventore. Doloremque soluta et cumque. Eos atque eos quasi libero ut voluptate.\n\nDolorem eveniet enim assumenda minus accusamus porro beatae. Facere saepe aperiam est harum adipisci. Nostrum aut id doloremque labore rerum. Consectetur quia ipsam aspernatur veniam delectus natus.', 5, 58, '2016-09-27 08:41:37', '2020-07-14 08:12:21'),
(5, 'Cumque voluptatem tenetur voluptate et libero accusantium. Architecto vel eaque itaque nisi voluptates possimus. Facilis aut culpa quo porro laboriosam debitis delectus velit.\n\nIn voluptatem eaque veniam sed autem eum. Magni et sunt possimus sed. Architecto pariatur pariatur exercitationem quo veniam consequatur omnis.\n\nNihil quam doloremque at repellendus officiis dolore eius. Dicta fuga reprehenderit ut aut. Molestias ea omnis vel. Unde illo nihil quod sunt natus praesentium atque.', 6, 67, '2015-11-16 19:37:31', '2020-07-14 08:12:21'),
(6, 'Expedita ipsam consequatur blanditiis quaerat inventore. Beatae beatae quis vero iste dolorem est ipsa. Magnam a aut sequi in officia numquam. Numquam id molestiae ut cumque nam sint quos.\n\nVoluptate et officia accusantium quo et. Aut illum et quis odio molestiae voluptatibus. Perspiciatis sunt non quo quisquam culpa sit. Dignissimos ullam quo ut sit et commodi.\n\nAccusantium at sit impedit non ea magni in. Rerum excepturi hic quo est molestiae fugit error et. Sit et rerum ut sed sit.', 5, 64, '2015-02-26 15:22:21', '2020-07-14 08:12:21'),
(7, 'Quidem officia enim qui maiores quis totam suscipit. Quasi nihil soluta quae aperiam ut. Cumque fugiat ut optio nam vitae dolorem. Saepe quo iure autem eius.\n\nId corporis aperiam earum. Blanditiis quo facere provident rerum enim sint dolores. In error omnis voluptate consequatur sint nam autem.\n\nPerferendis et autem fugiat harum omnis minus. Quis praesentium vitae nemo maxime dolorum velit.', 3, 53, '2016-07-01 10:39:58', '2020-07-14 08:12:21'),
(8, 'Molestiae quaerat laudantium sint maxime ut voluptas. Quidem quo ullam sed est. Velit sunt aut ut ex nobis fugit optio eum.\n\nVoluptatem recusandae aut voluptatum vitae rerum inventore eligendi. Voluptas deleniti odit saepe dolor minima hic adipisci distinctio. Consequatur sint doloribus doloribus sed porro delectus sunt.\n\nEius recusandae quo blanditiis voluptatem labore. Optio iure sapiente repellendus facilis. Non quasi tenetur corrupti aut et. Sed cumque repudiandae ut repellendus sit et dolor.', 9, 71, '2016-03-12 12:26:13', '2020-07-14 08:12:21'),
(9, 'Facere nulla cumque et occaecati quisquam commodi. Est occaecati cumque incidunt officiis temporibus. Ut magni reprehenderit dignissimos nihil et.\n\nUt eligendi itaque velit et. Laborum reiciendis porro laboriosam aliquid maxime voluptates veniam. Quia aliquam deserunt aut qui velit soluta vitae.\n\nAdipisci nostrum est optio est ea. Rerum quia quis atque quis aliquam molestias quibusdam. Ut nostrum voluptate autem vel expedita.', 10, 39, '2015-10-18 20:10:33', '2020-07-14 08:12:21'),
(10, 'Rerum mollitia quam at et reiciendis unde alias perspiciatis. Sunt debitis vitae tempore aut aut placeat laudantium omnis. Molestias officiis necessitatibus quisquam ut ut dolorem non. Doloribus iusto ipsam distinctio.\n\nExplicabo possimus sequi sint iste repellat. Corporis dolor dolor dolores veritatis assumenda omnis laborum. Ducimus est nisi voluptatem quis qui dignissimos qui hic. Est sint atque et minima odit veritatis.\n\nSed ipsam quisquam dolorum sint libero corporis odit. Rerum distinctio aut repellendus. Quia quia natus consectetur illum qui inventore qui.', 2, 88, '2017-05-21 19:52:46', '2020-07-14 08:12:21'),
(11, 'Dolores a nemo omnis sit eos est laborum. Alias dignissimos est voluptatum officia quam asperiores. Dolorum quae ratione est in. Tempora ut ut pariatur non.\n\nConsequatur omnis sed dolores quos velit possimus dolorem. Deserunt est autem commodi optio. Odit explicabo hic amet earum illum perferendis ea. Error placeat ea ducimus voluptates nemo. Minus et sit distinctio culpa.\n\nItaque qui fugiat saepe facilis nihil praesentium. Qui deleniti sit quis enim doloribus magnam.', 5, 14, '2015-07-28 20:02:23', '2020-07-14 08:12:21'),
(12, 'Officia reiciendis ut a. Consequatur repellendus et quos veritatis molestiae cupiditate veritatis dignissimos. Soluta et magnam et inventore id enim non.\n\nAnimi nam quisquam magnam alias. Illum incidunt culpa ea quia illum. Facere est ipsum aspernatur autem porro commodi. Nesciunt eum saepe sed molestiae esse ducimus id.\n\nPariatur quod aut maiores aut non velit fuga. Adipisci dolore sunt ut voluptatem repellat. Vitae quo et tempore autem enim.', 3, 10, '2018-07-10 02:36:08', '2020-07-14 08:12:21'),
(13, 'Esse ipsa ex perferendis velit. Ut suscipit a sint a cupiditate nihil. Et et iste qui suscipit aliquam aut amet. Voluptate rem et tempore quae sed doloribus.\n\nIn et laudantium officia sed molestias porro necessitatibus eligendi. Et voluptatem cumque consequatur velit. Consequuntur et qui ab non.\n\nEt tempore consequatur aliquam aut ut id animi mollitia. Itaque porro reiciendis ullam ut dolores perferendis iure id.', 3, 78, '2017-01-23 10:27:30', '2020-07-14 08:12:21'),
(14, 'Ab neque nisi possimus accusamus perspiciatis pariatur laudantium sed. Molestiae distinctio voluptas odio reiciendis iste non quibusdam. Ut velit eveniet et sit ipsa delectus.\n\nDolor eligendi sit voluptas ex. Quibusdam nihil iure consectetur dolorem quaerat dolor. Cum ipsa autem repudiandae maxime et rerum debitis.\n\nTotam aperiam fugit mollitia. Consectetur voluptatem molestiae ut doloremque et labore sed. Iusto unde laborum omnis omnis.', 2, 29, '2015-11-07 06:46:39', '2020-07-14 08:12:21'),
(15, 'Voluptas aut a vel. Officiis eligendi et asperiores. Ab exercitationem esse voluptatem qui ullam placeat qui.\n\nNulla et omnis et voluptatem voluptatem. Laboriosam enim velit delectus a dolore. Excepturi ea porro voluptate repudiandae.\n\nEnim fugit est omnis vel. Nesciunt autem voluptatibus corporis assumenda facilis temporibus. Quam facere deleniti deleniti fuga cumque exercitationem nulla.', 3, 97, '2016-04-01 12:58:15', '2020-07-14 08:12:21'),
(16, 'Quis iste ea nesciunt molestiae qui aut velit beatae. Sed illum ipsam voluptatum. Nihil molestiae quasi quidem recusandae inventore.\n\nVoluptatem nemo adipisci fugit commodi velit pariatur odio. Quidem dolore eius qui. Ratione voluptatem necessitatibus numquam quia temporibus ut sunt exercitationem.\n\nQuis et qui tempore sapiente cupiditate quaerat occaecati. Consequatur fugiat hic tempore odio. Aut dolorem delectus doloribus doloribus non alias tempora eum.', 8, 59, '2018-05-15 17:23:30', '2020-07-14 08:12:21'),
(17, 'Sed dolorem exercitationem voluptas laborum hic. Dolores ut et vero beatae velit. Qui sed culpa necessitatibus et incidunt deleniti omnis expedita.\n\nCommodi velit eveniet labore at mollitia quo. Consequatur ad excepturi illo quos ut vel autem. Molestiae neque nisi voluptatem dignissimos animi est.\n\nSequi rerum aliquam voluptates et. Labore non aut commodi dolorum et voluptas iste totam.', 1, 23, '2019-11-04 12:27:41', '2020-07-14 08:12:21'),
(18, 'Cum repellendus voluptatem placeat. Labore voluptatum aut quo commodi enim ducimus. Quibusdam accusamus sint et animi. Sunt neque et in inventore.\n\nDolorum eius quia accusamus dolorum repellendus. Et cum itaque omnis asperiores nobis aliquid. Quibusdam explicabo praesentium quam rerum soluta voluptatem. Eos quibusdam adipisci sit et voluptas explicabo voluptate.\n\nNihil dolores eius consectetur debitis. Maiores laudantium necessitatibus itaque fuga voluptatem tempore. Nobis ad assumenda explicabo voluptatem aut quis et. Voluptas corporis quos aut dolor eos mollitia.', 6, 60, '2017-03-27 23:38:58', '2020-07-14 08:12:21'),
(19, 'Enim est unde culpa itaque. Maiores quos ipsam ut.\n\nOdio rerum debitis nostrum sed ea nostrum tempore impedit. Vel illo omnis autem hic. Aliquid fuga enim odit velit saepe in. Vero et officiis atque natus.\n\nIllo aspernatur dolor molestias eaque. Consectetur minima nostrum totam ducimus vel recusandae nam. Sapiente fugit explicabo debitis odit.', 7, 69, '2019-07-17 08:10:28', '2020-07-14 08:12:21'),
(20, 'Doloribus dicta minima aliquid eum sit. Minima accusamus eos nobis nam ut ut. Alias et suscipit est ad laudantium est. Et commodi expedita eaque blanditiis ut.\n\nOccaecati ex nobis possimus consequuntur molestias. Repudiandae fuga a inventore dolores est nulla.\n\nLaboriosam dolores vel aut veritatis dolorem consectetur est. Dolores veritatis sequi atque sit mollitia quia. Consequatur et sint hic accusamus dicta placeat.', 5, 87, '2018-02-08 06:07:14', '2020-07-14 08:12:21'),
(21, 'Praesentium aperiam quo magni aut. Blanditiis quis explicabo blanditiis rerum aut. Voluptatem deleniti deserunt amet voluptate vel quos. Corrupti ut sunt delectus et nostrum corporis veritatis.\n\nQuas fugit quo officiis quae aspernatur. Nemo modi eos corrupti consequatur. Commodi a voluptatem ut quod fuga ipsa. Aut est accusantium sint blanditiis eum consequatur fuga.\n\nEt quasi id est non fugit quis. Reprehenderit delectus nihil harum ad. Fuga velit fuga voluptas. Voluptatum autem dolor veniam aut.', 5, 43, '2017-04-28 19:30:03', '2020-07-14 08:12:21'),
(22, 'Quaerat ut ut laudantium itaque. Optio et beatae quod consequatur. Sint impedit harum est dolorum.\n\nIncidunt sed quos exercitationem et quis velit repellat. Accusamus velit fugiat asperiores libero soluta. Accusantium velit at eos id doloribus dolorum.\n\nDucimus quia quis consequatur atque porro. Vitae qui provident est eum provident ratione. Alias quas quidem labore iste. Voluptatem tempore aliquid voluptate aut consequuntur qui.', 6, 41, '2019-12-15 02:08:55', '2020-07-14 08:12:21'),
(23, 'Tempore sit consequatur quasi vitae commodi ea quidem. Eius nisi soluta harum consectetur sunt qui. Consequatur omnis dolorem sint rerum. Est amet ut ut odio dolores delectus fugit.\n\nEt cupiditate molestias ducimus nesciunt. Qui doloribus possimus cum laboriosam quasi inventore.\n\nSoluta esse ipsum iste fugit velit odio. Ratione animi totam deserunt. Consequuntur aliquid ut facilis sint cupiditate quibusdam voluptas. Eum expedita quibusdam laboriosam consequuntur labore aut.', 8, 24, '2019-05-22 21:55:36', '2020-07-14 08:12:21'),
(24, 'Nam corrupti ratione id aut perspiciatis. Sed voluptatum eveniet tempora harum porro. Porro fugiat qui qui. Quo beatae repudiandae dolores iusto assumenda voluptatem vel.\n\nSit voluptas ea cum. Consequatur omnis repellendus autem animi odit sunt aut.\n\nOdit officia nostrum doloremque voluptas. Vel voluptatem saepe qui doloremque quisquam. Blanditiis quis vitae sunt officiis.', 6, 31, '2019-12-29 22:56:22', '2020-07-14 08:12:21'),
(25, 'Ut amet est deserunt eveniet aut et. Labore praesentium repellendus repudiandae eveniet adipisci quia.\n\nEst nisi vel sed dolor incidunt fugit. Eos autem sint qui maxime. Nihil ipsum nihil delectus corrupti ea corrupti ut.\n\nVoluptate praesentium quis nihil labore deleniti deleniti aliquam est. Excepturi eaque ipsum quos. Veniam inventore corporis autem.', 4, 66, '2015-11-14 21:45:46', '2020-07-14 08:12:21'),
(26, 'Autem magni sint rerum. Eius quae odit reprehenderit et. Neque quia quis possimus. Ratione fugiat quisquam perspiciatis qui similique.\n\nInventore magni aspernatur vel a. Nihil voluptas facilis soluta. Ullam veritatis molestiae facere in.\n\nHic exercitationem aperiam sit veniam. Eum voluptatem vel officia ut fugiat. Optio accusantium est mollitia eaque a at. Voluptatem beatae reprehenderit voluptatum voluptatem tenetur explicabo doloribus.', 5, 16, '2015-09-29 02:26:15', '2020-07-14 08:12:21'),
(27, 'Deserunt quis ullam et amet dolor sed sequi. Aut optio architecto voluptatem mollitia rerum culpa. Minus possimus quo quia exercitationem ut. Nam iure magni libero nisi.\n\nAliquid libero ex qui id quis laboriosam. Quidem voluptatem ut consequuntur commodi dolorem qui. Inventore beatae pariatur dignissimos rerum. Quas sit in in sint distinctio modi sed.\n\nVelit cum consequatur id accusamus adipisci. Id aut mollitia delectus accusamus itaque culpa. Voluptatem dolore dicta veritatis ab pariatur voluptate.', 2, 50, '2019-12-28 11:12:22', '2020-07-14 08:12:21'),
(28, 'Deleniti cupiditate laboriosam voluptate quidem laborum. Et aut porro aliquid et quos. Eveniet ut libero omnis eaque tempora vel et optio.\n\nRepellendus placeat modi repudiandae qui nihil magni quo. Necessitatibus ducimus quia quam blanditiis. Qui quisquam ex aut assumenda eum dicta veritatis. Maiores eligendi atque odio doloribus.\n\nRerum qui fuga est iusto vero nostrum. Tempore sit quia aut ipsam aut ea. Ullam nobis dolor unde commodi soluta commodi deleniti. Repellat sit ipsa magni dolorem.', 8, 59, '2019-06-08 23:41:19', '2020-07-14 08:12:21'),
(29, 'Repellendus voluptatibus placeat minus distinctio est enim. Asperiores non dolores quia impedit fuga voluptate. Error rerum alias esse eum iure ut accusantium quam. Natus nemo omnis nemo sint deserunt enim enim.\n\nDolorem quasi dolores fugiat non eos laboriosam. Minus corrupti aut nulla labore non temporibus saepe. Dolorem minus suscipit culpa cupiditate vel non asperiores.\n\nIpsum qui et molestiae repellat. Animi dicta eum harum excepturi consequatur eligendi maiores. Commodi quas aut vel rerum quo modi illum. Sed perspiciatis ipsum ea explicabo est.', 9, 71, '2019-01-02 02:54:02', '2020-07-14 08:12:21'),
(30, 'Voluptatem sed rerum aut libero eum aut. Dolores et ipsum maxime. Quia nisi et accusamus molestias. Eius numquam molestiae voluptatem sit quod qui qui.\n\nEligendi repellendus sequi fugit non ipsum veniam voluptates. Nulla quam numquam dignissimos similique.\n\nQui occaecati perspiciatis repellendus vel est. Id aut debitis eaque sint qui autem aut eligendi. Non illum itaque aliquid ipsa dolores.', 5, 32, '2018-12-28 18:08:28', '2020-07-14 08:12:21'),
(31, 'Voluptatem sed aperiam error atque voluptatum. Sequi temporibus molestiae cupiditate iure in. Rerum assumenda vel rem. Velit alias non reprehenderit veritatis.\n\nPraesentium quaerat nemo consectetur modi rerum iusto consequatur. Suscipit rerum impedit impedit aut. Perspiciatis totam repellat sunt minus sapiente qui voluptas.\n\nPariatur in rerum ex possimus. At illum ducimus alias sunt alias occaecati nisi doloremque. Harum corporis eius temporibus consequatur eligendi officiis.', NULL, NULL, '2015-07-21 16:05:02', '2020-07-15 02:24:45'),
(32, 'Similique qui veniam quis dolorem officia ut. Itaque vero dolore libero voluptates. Consequatur perferendis consequuntur dolor harum ratione.\n\nPariatur ut ullam praesentium cupiditate. Recusandae commodi dolore esse ipsa illum. Sed velit sint consequatur omnis ut magni esse. Sed consequatur eos id aut.\n\nEt doloribus soluta dolorem ad laudantium sed labore at. Vel cumque ut eligendi voluptatem recusandae. Iure ex iusto dolorem. Itaque blanditiis maiores corrupti.', 10, 17, '2018-09-26 15:11:18', '2020-07-15 02:24:45'),
(33, 'Officia ad quia molestiae eum et a. Optio ducimus aut quo a aut quis. Fugiat necessitatibus molestiae dolore eius.\n\nQui non nobis nemo blanditiis officia ipsa nostrum. Corrupti explicabo qui fuga non. Eligendi voluptas voluptas incidunt consequatur quod.\n\nSed reprehenderit illum ipsam et id rerum at. Laborum quo natus accusamus eos aut vel ducimus dolores. Itaque nihil explicabo asperiores minus ea rerum. Illo rem occaecati laborum.', 4, NULL, '2019-03-29 17:39:14', '2020-07-15 02:24:45'),
(34, 'Quia facilis et vel laudantium sint sint. Sit placeat et quod amet et ipsa. Sed cupiditate distinctio dolor ex et culpa qui. Nisi aut illum dignissimos fuga.\n\nExcepturi alias aspernatur provident error ullam accusamus neque. Cum animi veritatis quas ea. Quae maxime ex est dignissimos numquam ut.\n\nFugit occaecati corrupti ullam dolor quasi. Facere magni sit eveniet molestiae enim voluptates omnis. Earum hic voluptatem dolorum ipsum voluptatibus unde animi quod.', NULL, 38, '2017-12-22 09:00:57', '2020-07-15 02:24:45'),
(35, 'Repellendus et officia debitis repellendus numquam quis dolore tempora. Ex laboriosam aspernatur suscipit laboriosam et dolor labore. Beatae dolores dolor natus ab voluptatem. Laudantium reiciendis voluptatem eligendi molestias rerum.\n\nEst ipsam maiores quia et et aut corrupti ipsum. Qui ut tenetur earum quia.\n\nVoluptas sit amet sed consectetur tenetur. Ea debitis doloremque odit tenetur consequatur fugiat. Enim minima culpa doloremque et.', 3, 33, '2018-08-15 19:17:41', '2020-07-15 02:24:45'),
(36, 'Unde dolores quam at omnis. Eius ut tempore enim esse dolor voluptatem. Suscipit quas aut ducimus dignissimos iure cumque.\n\nQuia cumque possimus et veritatis dolore dolor voluptas. Quae aut quia exercitationem aut officiis ab velit quibusdam. Est odit molestiae accusantium quod ipsa. Provident vel fuga vero voluptatem sit at fugiat.\n\nSint maxime cupiditate iusto voluptatem. Nobis occaecati debitis et est. Commodi quia beatae neque atque veritatis eos laboriosam consequatur. Et placeat esse dignissimos maiores molestias fugit dignissimos.', 2, 72, '2015-02-14 14:37:56', '2020-07-15 02:24:45'),
(37, 'Magni qui voluptas unde quo voluptas. Et quo distinctio iure amet laudantium. Ea quibusdam qui accusamus omnis. Molestiae molestiae vero rem sequi et dolores aut.\n\nVoluptatem error iure cum molestias odio sunt. Sed voluptas fugit itaque architecto non. Quae soluta assumenda explicabo aut corrupti perferendis.\n\nSit voluptatum quisquam quisquam amet maiores. Culpa veritatis ut et voluptate. Ea consequuntur eos est aut. Beatae provident et minus porro aspernatur eos.', 1, NULL, '2019-03-12 22:52:51', '2020-07-15 02:24:45'),
(38, 'Eum aliquam harum voluptate voluptatibus id eaque quia autem. Vel corrupti impedit veniam enim. Repellat maiores officia consequatur dolores eligendi magnam.\n\nAutem incidunt fugiat voluptatem explicabo sapiente commodi. Est eos natus harum. Magni vel unde officiis ut vitae perferendis. Voluptatibus eligendi eaque accusamus ut saepe. Ut sed in magni expedita necessitatibus.\n\nVeritatis est et est a. Optio deserunt exercitationem rerum accusamus illum quae aut.', NULL, 68, '2016-08-25 23:42:15', '2020-07-15 02:24:45'),
(39, 'Est non aliquam eos neque cumque voluptatem et. Quo tempore aut similique eum quisquam fugiat saepe. In ut et rerum voluptatem. Expedita eum et iste fuga.\n\nVoluptatem qui fugit dolores aut est. Iure sint debitis molestiae praesentium. Commodi dicta ut nam deserunt non accusantium.\n\nDolor alias dolorem et et cupiditate. Itaque magni aliquam asperiores libero. Vitae minus quae quam sint sunt quo ipsam cum. Ut aut eum expedita rerum non id perspiciatis. Voluptatibus velit ipsam dolore cum facilis delectus libero.', NULL, NULL, '2016-04-01 02:10:00', '2020-07-15 02:24:45'),
(40, 'Et officia nemo qui ut. Iure alias quo esse et dolorum est consequatur quos. Quia itaque vitae qui officia illum. Nobis est molestias ullam voluptas explicabo officiis mollitia.\n\nDolores in iure sint ad quam. Nostrum molestiae est corporis praesentium perspiciatis et. Cupiditate et veritatis atque distinctio excepturi architecto hic.\n\nRerum veniam et sit non in laboriosam neque. Ratione voluptatum pariatur necessitatibus laboriosam eos. Voluptatem quam natus et odio in. Eum et delectus laudantium voluptas tempora nam.', NULL, NULL, '2019-08-01 17:14:23', '2020-07-15 02:24:45'),
(41, 'Cumque est officia laborum fugiat voluptatum numquam ad. Dolorem quia voluptas autem exercitationem commodi sapiente. Rerum iste officia magnam. Eligendi nam vero et neque voluptatem deserunt non. Nemo inventore cum perferendis explicabo odio rem.\n\nQuia laborum placeat pariatur ut. Ut voluptas et sit autem voluptatem aut quibusdam. Expedita magnam ipsa culpa ratione. Iure ipsa sit quasi sunt impedit eum minus. Eius ipsa officiis qui debitis temporibus et.\n\nSapiente voluptatem autem sit qui. Quisquam et quia omnis deleniti. Sapiente autem dolor maiores facilis vel consequatur et et.', 8, NULL, '2018-07-01 13:19:02', '2020-07-15 02:24:45'),
(42, 'Repudiandae odio cupiditate ut nihil similique repellat. Dolorem et consequatur ducimus quidem eum perspiciatis beatae et. Quidem ut ea eum autem.\n\nTenetur explicabo doloribus quam sed. Aspernatur similique veritatis doloremque fuga omnis ut nihil. Soluta accusamus perspiciatis cumque.\n\nAmet quaerat repudiandae laborum delectus nisi totam. Nam sit cupiditate ipsam fuga. Esse quibusdam in hic iusto accusamus fuga aut. Sunt maiores dolorum vel optio. Ut ea et ea repudiandae.', 10, NULL, '2015-05-02 08:52:23', '2020-07-15 02:24:45'),
(43, 'Cumque est laudantium velit. Quos sed corrupti blanditiis aut harum. Aspernatur earum at velit quia inventore. Quia sequi rerum quas et rerum est qui.\n\nLaudantium officia excepturi temporibus a. Saepe aut qui quod et eligendi eveniet. Consequuntur maiores unde nobis aperiam architecto nostrum.\n\nDicta est incidunt repudiandae aut aut. Et iure voluptatum magnam ipsam impedit. Cum praesentium omnis sunt ex nobis sed.', NULL, 62, '2016-01-06 11:40:48', '2020-07-15 02:24:45'),
(44, 'Nihil numquam sint et ab esse inventore et. Odit qui cupiditate eaque a. Doloremque ut architecto numquam doloribus non. Aliquid sequi occaecati unde sunt asperiores molestiae.\n\nDolorem eos incidunt nulla dolor a magnam. Eos hic dolor corporis dignissimos. Exercitationem dolores omnis repellendus corporis non ea.\n\nQuia exercitationem cumque magnam dolore aut sapiente qui. Quas a sunt commodi quia vitae odit quas. Est consequatur recusandae ullam neque quae vero expedita consequatur.', NULL, NULL, '2018-11-17 21:03:39', '2020-07-15 02:24:45'),
(45, 'Esse fugit consequatur ut maiores velit et recusandae id. Sed sapiente ut ipsa qui aut non. Perspiciatis ut explicabo nesciunt accusamus et maiores quis.\n\nDignissimos blanditiis omnis reiciendis officia similique. Laborum labore est quidem. Et alias doloribus ea cupiditate. Nobis doloribus nobis dolor sed odit temporibus assumenda. Sequi eveniet quia atque quod consequatur voluptatum tempora.\n\nCulpa reprehenderit excepturi optio. Accusantium esse et sed iste cupiditate inventore explicabo. Error ratione autem aperiam odit placeat delectus odit. Culpa occaecati est placeat sit.', 10, NULL, '2015-02-22 02:29:06', '2020-07-15 02:24:45'),
(46, 'Voluptates eligendi dolor ratione nemo molestias. Ut sed quasi architecto voluptas autem.\n\nOccaecati molestiae quia soluta vitae quasi rerum laboriosam. A commodi dolore maiores quia. Enim recusandae atque nam sapiente et est. Consequatur sapiente dolor ab.\n\nOfficiis nesciunt neque incidunt qui eius. Enim labore est maiores sed. Aliquam sunt qui assumenda ullam. Nulla dolores sint adipisci et quis perspiciatis rerum nihil.', 4, NULL, '2016-02-04 10:47:33', '2020-07-15 02:24:45'),
(47, 'Et aut est quia saepe ut autem enim recusandae. Itaque porro aut accusamus quia. Non et consequatur ab pariatur pariatur. Voluptatem dignissimos laboriosam voluptas officiis placeat.\n\nEnim aut quisquam error. Et cumque et consequuntur non similique illo sapiente. Mollitia dolorum autem et accusamus aut praesentium praesentium. Architecto fuga qui labore impedit. Illo dolores similique eveniet.\n\nEt perspiciatis et doloremque facilis molestias dolorem necessitatibus. Velit quos ut ut magnam dolor ea tempora quia. Placeat culpa voluptatem amet beatae.', 6, NULL, '2015-06-22 19:33:58', '2020-07-15 02:24:45'),
(48, 'Et enim maxime omnis molestiae laboriosam eos. Rerum excepturi beatae error accusamus quidem. Laboriosam facilis sed fuga amet nemo ut.\n\nOccaecati sed autem vel placeat. Molestias aut praesentium officiis reiciendis delectus quae. Inventore commodi rerum nesciunt numquam provident enim odio. Autem earum in et quod aut.\n\nNumquam ea dolores amet quae id perferendis neque assumenda. Quibusdam occaecati vero mollitia enim repellendus. Voluptates dolorem veritatis nisi quia ut aut ut.', NULL, 49, '2016-01-16 01:42:23', '2020-07-15 02:24:45'),
(49, 'Quos minima in maiores id nihil. Dolor voluptatem et et quas tenetur iure. Laboriosam eligendi dolores sint necessitatibus minus. Voluptatem rerum eaque vel ipsam. Accusamus vel et voluptatem.\n\nQuia sunt aperiam non voluptatum facere quia. Et excepturi velit totam repellat quia natus autem ut. Hic cupiditate quia numquam nam. Neque est suscipit debitis amet.\n\nIpsa tempora ullam consequuntur ipsam. Sed blanditiis sed adipisci. Magni ab sed deleniti omnis. Illum alias omnis omnis doloremque. Quo ex temporibus et sit vero cumque.', NULL, NULL, '2015-08-21 18:01:04', '2020-07-15 02:24:45'),
(50, 'Quo explicabo modi incidunt tenetur ab labore eius id. Rem dolor vitae recusandae nihil velit.\n\nEsse blanditiis autem maiores vero qui. Eligendi velit ut veritatis. Aspernatur omnis ut sed vero repellendus. Magnam perferendis incidunt totam doloribus quisquam.\n\nVoluptatem eligendi ab harum totam unde est ad dolores. Rerum culpa aut enim quis ullam cupiditate quis. Dolor perspiciatis quod consequuntur fuga omnis illum.', NULL, NULL, '2017-03-20 06:06:07', '2020-07-15 02:24:45'),
(51, 'Amet nobis voluptatem non harum. Qui ut laborum quo voluptatibus accusamus facere iste ut. Qui id sequi dolore ut sint excepturi. Ad possimus porro facere ducimus nostrum voluptas.\n\nUt voluptatibus quod reiciendis. Non architecto similique est. Ut non recusandae sed delectus.\n\nEligendi odio dignissimos consequatur qui. Rerum aliquam est dolore totam expedita cum alias. Sunt ipsum quidem reprehenderit temporibus sit eum voluptatibus et. Non quis ullam sunt aut nam laborum. Quibusdam nostrum ut autem.', NULL, 5, '2015-10-23 23:29:49', '2020-07-15 02:24:45'),
(52, 'Similique enim ipsum quia autem. A omnis similique impedit reprehenderit facilis. Ducimus reprehenderit quaerat voluptatum alias et sed fugit.\n\nQuisquam consequatur eos itaque rerum aut quidem. Tempora animi et quia repellat. Ut eveniet illo eligendi qui facilis odit.\n\nQuam velit perferendis culpa aut vero. Expedita qui deserunt sit fuga. Deserunt temporibus veniam est voluptatem occaecati ea perspiciatis.', 7, 94, '2017-05-13 10:13:08', '2020-07-15 02:24:45'),
(53, 'Aspernatur et numquam iure cupiditate a dolorem aut assumenda. Eos aut eos est aut illo doloremque. Ut necessitatibus dolores sit repudiandae hic. Commodi recusandae neque ut error dolorem. Sit ut rerum sint et vel.\n\nArchitecto cupiditate unde dolores aut sit. Est quaerat dolore earum necessitatibus tempore exercitationem dolore non. Necessitatibus blanditiis inventore et voluptates. Nam ipsam impedit consectetur nihil eos eaque.\n\nConsequatur possimus quo quo in. In autem libero non quo veritatis perspiciatis cumque. Corporis et necessitatibus qui dignissimos id.', 6, 67, '2019-06-11 14:19:36', '2020-07-15 02:24:45'),
(54, 'Omnis sed a qui ut autem. Ut molestiae nam cupiditate necessitatibus in harum suscipit. Minima officia natus quo commodi reprehenderit iste. Autem quis commodi quis voluptas quia minus. Atque dolor voluptas iste tempora placeat.\n\nOmnis dolorem beatae ab. Ipsam harum ut natus cum tenetur ut natus. Aut fugit laborum quos natus dolores est. Sed facere nulla consequatur consequatur odit.\n\nIpsum ea dolorum iste impedit doloribus. Cupiditate ipsam tempora deleniti porro occaecati. Delectus accusamus ducimus iste est et ullam eligendi sint.', NULL, NULL, '2018-04-16 12:17:30', '2020-07-15 02:24:45'),
(55, 'Reiciendis consequuntur dolore consequuntur maiores ut. Natus ab debitis quas animi. Enim natus est id reiciendis. Minus dolorum facere velit exercitationem qui voluptatem.\n\nSapiente rem unde et provident aspernatur exercitationem. Voluptatem doloribus odit voluptatem atque nemo impedit. Praesentium labore dicta et ut. Molestiae perspiciatis eveniet accusantium sint minima excepturi.\n\nOdit fugit quas et est sit fugiat. Doloribus nam dignissimos quas. Laudantium minima quia omnis et molestiae enim voluptas. Officiis sit voluptatibus in aut repellendus.', NULL, NULL, '2018-12-28 23:50:32', '2020-07-15 02:24:45'),
(56, 'Vero est quisquam quia corporis est quis perspiciatis unde. Et saepe vel laudantium enim laudantium praesentium accusamus. Aliquid esse enim magni incidunt rerum quis at sunt. Reiciendis consequatur vel magni dolores dolor quia.\n\nCumque quas et dolorum voluptas molestiae magnam alias. Quidem ipsam tempora ipsa porro.\n\nItaque quis quasi vero assumenda. Quo deserunt alias quos sed non reiciendis. Rerum cumque ut non voluptatem qui. Enim et dolore aut mollitia nemo.', NULL, 63, '2016-05-21 12:18:43', '2020-07-15 02:24:45'),
(57, 'Harum iure iusto harum nihil nihil et nisi. Nihil nam iusto ab enim beatae eos. Dolorem esse et ab sint. Qui quis voluptates quo.\n\nA in quas aut voluptatem sapiente qui. Suscipit officia placeat nihil odio repudiandae. Ut minima qui nihil doloremque corrupti qui.\n\nEt adipisci quod eaque. Saepe sed porro in rerum praesentium ut. Pariatur accusamus maxime repellat.', NULL, 48, '2019-01-05 20:29:09', '2020-07-15 02:24:45'),
(58, 'Magni molestias voluptatem ut deserunt quaerat unde et consequuntur. Dicta quos nostrum architecto repudiandae fugit rerum. Ullam velit iste amet voluptatem qui quaerat eum omnis. Architecto cupiditate sunt est accusamus.\n\nUt dolorum voluptas deserunt velit. Quae excepturi soluta est excepturi dolorem fugiat illo ipsa. Aut necessitatibus ut asperiores nesciunt. Sed deserunt voluptatum occaecati quis consectetur quia itaque.\n\nEa est qui qui explicabo qui expedita. Asperiores dolorum inventore aperiam voluptas nam consectetur. Autem sunt voluptatem voluptatem sunt temporibus.', NULL, NULL, '2018-02-15 04:05:31', '2020-07-15 02:24:45'),
(59, 'Enim voluptas accusamus quo saepe. Quo molestiae doloremque eligendi saepe minima libero sed. Iure perspiciatis est velit nemo incidunt animi inventore alias.\n\nEst dolorem autem quae ad. Consequatur qui error voluptatem consequatur. Numquam beatae tenetur sunt iure at dolorum earum qui. Ipsam et quaerat veritatis explicabo aut. Soluta cum possimus et provident nemo.\n\nDucimus excepturi facere ad voluptas voluptatum aliquam. Velit sint consectetur a ut et laboriosam odio. Voluptatem nisi odio autem nobis. Voluptas porro voluptate velit.', 9, NULL, '2018-07-28 05:14:29', '2020-07-15 02:24:45'),
(60, 'Corporis optio tempore delectus debitis quam. Amet cumque voluptatem cum et ad quia repudiandae. Nobis ratione et sint perferendis repudiandae.\n\nSapiente autem facere aut adipisci. Distinctio voluptate fugit non. Dicta dolorem sed ducimus ad non quia tempore. Quas tempore nisi fuga nihil quia qui repellendus nihil.\n\nFuga dignissimos minus inventore dolores adipisci sunt laboriosam. Omnis facilis officiis quaerat voluptas quia autem asperiores. Sit in consequatur quis excepturi autem odio. Deleniti aut totam debitis facilis. Quo qui nobis quia modi dolor rerum.', NULL, 6, '2016-05-30 00:54:07', '2020-07-15 02:24:45'),
(61, 'Ut et autem quo ullam qui sint minima exercitationem. Sed eum praesentium minima reiciendis voluptatem sit ut. Repellendus qui accusamus natus aperiam id necessitatibus ex. Consequuntur fugiat et officiis quis consectetur. Alias asperiores autem et accusamus.\n\nOptio officia dolore ipsum doloribus tenetur neque magni. Sapiente aliquid animi ut. Eum eaque eveniet voluptas eligendi. Aut qui necessitatibus enim.\n\nOmnis ea occaecati ullam autem. Cumque maxime commodi eius qui. Corrupti quidem asperiores pariatur. Magnam ut adipisci ipsam voluptatum.', NULL, 33, '2019-03-17 12:10:08', '2020-07-15 02:24:45'),
(62, 'Qui et saepe qui enim. Qui dolorum corrupti ut ducimus laudantium qui doloribus. Quis eius explicabo culpa.\n\nEveniet dicta animi magnam et possimus qui. Vel quo veniam sed rerum ad praesentium molestias tenetur. Animi sint iste eos in quidem qui rerum. Consequatur ut unde reprehenderit et ut temporibus.\n\nSed neque aut natus culpa sapiente quaerat amet. Dolor eos eligendi facilis nobis. Deleniti provident minima labore eligendi beatae. Est et dolore placeat similique.', NULL, 35, '2016-09-10 15:41:20', '2020-07-15 02:24:45'),
(63, 'Et vero molestiae est omnis et est in. Aliquid enim unde ipsam blanditiis molestiae. Id esse facere eaque repellendus dolore.\n\nVoluptate assumenda accusantium dolor nisi aperiam mollitia quia. Excepturi voluptatem aut porro facilis. Fugiat velit quo sunt quis occaecati ut molestias. Et ullam temporibus repudiandae necessitatibus.\n\nQuo veritatis velit maiores officia. Rerum non sit molestiae magnam quibusdam accusantium. Quaerat perferendis sequi et accusantium praesentium.', NULL, 92, '2015-07-07 04:34:53', '2020-07-15 02:24:45'),
(64, 'Aut illo molestiae in autem. Quidem quia facere aut non qui. Similique id ad eos cum illum. Labore earum facilis maxime amet numquam officiis.\n\nUllam qui voluptatem minima voluptas. Praesentium impedit unde rerum accusantium modi. Nemo error non natus ipsum corporis impedit et. Aut voluptas amet ducimus neque.\n\nIpsum eum quidem ipsam necessitatibus corporis. Magni inventore culpa nihil eligendi culpa velit sapiente. Et repudiandae ex ab.', 8, 92, '2016-06-03 04:15:44', '2020-07-15 02:24:45'),
(65, 'Qui quidem id laudantium et quibusdam excepturi. Commodi sint ut reiciendis iusto. Sequi quo eum quasi quia facere voluptate.\n\nRerum unde natus aut placeat ut. Sed repellendus sint velit excepturi totam voluptatibus blanditiis.\n\nNihil provident molestias fuga esse ducimus odit eum. Repellat velit dolorem vero in beatae maiores corporis laborum. Ea vel rem rerum.', 10, 29, '2017-05-16 14:09:44', '2020-07-15 02:24:45'),
(66, 'Sed ut aperiam ea cupiditate perspiciatis rerum. Ex omnis dolorem dolore aut blanditiis est qui. Dolorum quas corrupti temporibus modi. Odio quos expedita necessitatibus ratione blanditiis.\n\nQuia ut nesciunt dicta ad. Quo excepturi ducimus commodi aspernatur incidunt illo dolore. Dolor ea mollitia beatae. Sit ullam iusto ducimus.\n\nBlanditiis sequi tempora et asperiores nihil totam. Dolores recusandae voluptatibus sunt laborum eligendi recusandae. Vero recusandae inventore quisquam consequatur et rerum neque. Sunt molestiae maxime repellendus eaque quod est. Maxime eos aut doloribus et odit.', 7, NULL, '2015-04-29 13:56:13', '2020-07-15 02:24:45'),
(67, 'Dolor doloribus sunt ducimus aut mollitia ducimus omnis. Ipsam unde totam facere. Et eum sunt distinctio.\n\nAt quod ullam itaque harum aliquid sit. Consectetur possimus ullam quae tempora totam aliquam. Quia voluptas itaque quas nostrum incidunt. Omnis quas voluptatem quia corrupti id tenetur dolor.\n\nDolor et quae minus quibusdam numquam corrupti. Impedit ut ex iure aut tempore. Dolor aut perferendis aliquid voluptas rem. Qui dolorem eaque accusantium consequatur similique.', 10, 85, '2019-01-01 22:15:40', '2020-07-15 02:24:45'),
(68, 'Assumenda sit sed debitis modi quae harum. Quo corporis dolores hic quod. Culpa quisquam molestiae itaque sit. Numquam aliquid assumenda fuga recusandae aut.\n\nMaxime et dignissimos rerum omnis ipsum aut. A labore quod eum autem facilis. Perferendis qui qui alias et et. Dolores sunt nam optio voluptatem. Perspiciatis dolores ut praesentium debitis asperiores aut odio.\n\nOmnis et aut aut aut temporibus voluptatibus. Et exercitationem qui et non. Voluptatem consequuntur nemo nostrum mollitia. Asperiores facilis laborum qui id voluptatem ut labore.', NULL, 34, '2017-07-01 22:38:31', '2020-07-15 02:24:45'),
(69, 'Aut non quia voluptatem dolores enim non dolorum. Asperiores qui delectus illum quibusdam itaque nihil. Omnis in ullam praesentium et quia repellendus. Eos modi veniam esse ut atque.\n\nAsperiores deleniti minima laborum illum ut aut molestiae. Dolorum est occaecati qui rerum perspiciatis qui aut. Voluptas nihil quia et consequatur cupiditate.\n\nUt voluptatum eligendi sapiente rerum magnam voluptatem culpa in. Non voluptate sed quae explicabo nobis. Eos nobis voluptatem voluptas repellendus.', NULL, 2, '2018-12-12 17:56:24', '2020-07-15 02:24:45'),
(70, 'Autem laborum esse dolor animi non. Reprehenderit aut sed in. Qui et similique quisquam cupiditate impedit. Aut vero ipsum suscipit quia totam et numquam. Velit dolores hic aut voluptatem assumenda ipsum voluptatem.\n\nAccusantium rerum et omnis fuga. Placeat dolorem repellat corrupti aut distinctio. Aspernatur expedita aut sit quibusdam.\n\nLaborum tenetur quasi voluptas aliquam ut iure. Consectetur veniam unde autem dolor quod. Omnis quia enim quia est alias repellat.', NULL, 31, '2019-11-06 16:42:56', '2020-07-15 02:24:45'),
(71, 'Provident et ipsam accusantium repellat sequi aut. Laudantium est id omnis porro qui illum alias perferendis. Quia quis vero eum adipisci nobis qui sit officia. Aliquid praesentium voluptas consequatur accusantium mollitia at voluptate reiciendis.\n\nAlias quaerat ducimus dolorem ipsa ex id. Dicta unde quod ipsam voluptate odit aut. Tempore aut et sint sunt occaecati ullam in. Nulla accusamus ut eveniet et ut laborum.\n\nMaxime suscipit quia aut pariatur. Ut ut dolor labore recusandae.', 9, 95, '2015-05-18 04:59:39', '2020-07-15 02:24:45'),
(72, 'Et exercitationem id tempora reiciendis maiores omnis placeat. Enim est beatae delectus dolor.\n\nAspernatur sed mollitia laboriosam consectetur a enim. Temporibus velit repellat incidunt nostrum optio autem eum. Aut quae doloribus soluta reiciendis non perferendis. Porro aut nihil est dicta consequuntur iusto odio. Ut et ipsa reiciendis.\n\nLibero quasi debitis necessitatibus ut ex est non. Porro saepe nisi dignissimos dolor. Aut voluptatem alias ut aut nihil doloribus. Voluptatem dicta quia voluptatem dolorem et nostrum ratione consequatur.', NULL, NULL, '2017-08-23 06:03:41', '2020-07-15 02:24:45'),
(73, 'Qui accusantium accusantium omnis. Quia dolorem doloribus voluptas sequi veniam voluptatem. Et sit amet possimus vero natus sit beatae. Quo vero tenetur nihil dolor nesciunt mollitia vitae.\n\nSit quia dolorum aut sed maiores. Voluptatem totam dolorum dolor rerum. Molestiae officia quas quos voluptatem at laborum quia. Ducimus qui voluptatem et accusamus.\n\nCommodi aut quia asperiores rerum in aut. Consequatur qui similique quos aspernatur quo ipsum sit. Corporis optio ut ea quia.', 9, NULL, '2016-12-09 10:51:53', '2020-07-15 02:24:45'),
(74, 'Ea maiores vel vel tenetur eos cumque. Repellat vitae enim modi illum. Quam aspernatur rerum delectus.\n\nAccusantium illo aut at et neque in. Dolores nihil non possimus vel illo. Sed ducimus numquam est est consequatur eos officiis.\n\nNecessitatibus ex vitae ipsum culpa quo pariatur laboriosam dolorum. Commodi iusto et officia. Quo omnis tenetur error consequuntur in sit. Incidunt at ut neque culpa unde. Dolorum aut labore quidem nihil perferendis excepturi.', 5, NULL, '2018-12-14 16:36:44', '2020-07-15 02:24:45'),
(75, 'Eos sit qui consequatur. Autem eos inventore rem. Qui quod soluta quae et. Ut in repellendus et omnis aut.\n\nPariatur voluptatibus non voluptas omnis exercitationem sequi odio voluptatem. Esse repellat aut et est. Temporibus sint rem aspernatur commodi. Ipsum perferendis qui minima debitis eum incidunt.\n\nVoluptas ratione temporibus aut officia qui. Qui aut voluptas iste voluptatibus laudantium possimus eos. Velit velit sit assumenda id. Doloribus consequatur rerum adipisci placeat eius ea.', NULL, 51, '2019-09-08 18:32:48', '2020-07-15 02:24:45'),
(76, 'Tempore atque accusamus et vel itaque aliquid dolores. Officia voluptatem quos ipsum quis veritatis temporibus quo. Non illum unde voluptatum similique tempora quia.\n\nSequi rerum veniam quis sequi qui dolorem molestiae. Ipsa laborum et saepe atque nesciunt atque. Assumenda et consequuntur quo ullam minima.\n\nQuam voluptatum commodi sunt tenetur nostrum voluptas autem. Qui illum quia rem ducimus aut. Dicta nostrum ea nulla optio.', 9, NULL, '2015-05-27 13:09:35', '2020-07-15 02:24:45'),
(77, 'Tenetur enim et eveniet. Sunt sint voluptate non consequatur et consequuntur et. Laudantium animi fugiat distinctio qui.\n\nEos consequatur fugit officiis. Est accusantium rerum nobis eos corrupti. Officiis laudantium neque soluta labore corrupti eos. Nostrum est temporibus recusandae autem.\n\nDolores fugiat animi rerum ea doloremque tempora. Et nostrum et excepturi aut pariatur quis. Culpa quia aliquam consequatur explicabo est provident dolorem.', NULL, 46, '2019-03-31 01:32:15', '2020-07-15 02:24:45'),
(78, 'Aut inventore ipsa vitae quam velit beatae. Est voluptate numquam ut consequatur eum voluptates. Sint similique veniam unde.\n\nHarum eaque qui dolor. Explicabo dolores aut aut cupiditate soluta possimus. Sit commodi est quisquam in.\n\nVeniam aliquam non nesciunt fugit doloremque qui provident. Omnis est velit et soluta est incidunt qui accusantium. Praesentium recusandae cum assumenda. Veniam ad id eos dolorum. Autem asperiores rem ut amet cumque.', 7, 91, '2017-05-28 07:40:41', '2020-07-15 02:24:45'),
(79, 'Ea iusto molestiae odio. Porro velit et consequatur deserunt quibusdam. Sint ab consequatur corrupti molestiae nulla iure sed. Dicta quibusdam et quas voluptate ab praesentium ipsam.\n\nQui rerum enim ullam assumenda eligendi accusantium. Autem rerum nemo recusandae nisi ut quas vero. Est asperiores qui explicabo sunt.\n\nOccaecati dicta repellendus iure suscipit. Error aut dolores cupiditate ipsa et ut. Qui inventore aut vel eos.', 4, NULL, '2015-11-21 20:59:55', '2020-07-15 02:24:45'),
(80, 'Qui neque quas est. Sunt magnam doloribus omnis vel placeat. Hic sit nesciunt sunt quaerat consequatur.\n\nQuo non porro eveniet. Possimus porro soluta provident pariatur. Et ex quis doloremque odio nam eos cupiditate. Omnis dolor consectetur molestiae necessitatibus in voluptas aspernatur.\n\nEt corrupti nobis doloremque tenetur et voluptatem. Aperiam nam deserunt dolorem nam. Et consequuntur quasi molestias quod harum earum eligendi consequatur. Et temporibus praesentium est ad.', NULL, 64, '2016-10-10 14:00:59', '2020-07-15 02:24:45'),
(81, 'Impedit fuga sequi a consequuntur repellat repudiandae qui nihil. Voluptate nulla quia voluptatibus in quod facere. Atque quos sint fugiat nemo. Qui non rerum aliquid totam.\n\nEt magnam tempora enim sed et vel corporis. Veniam non sed corporis sint et praesentium et. Asperiores alias iusto doloremque hic aperiam aliquid.\n\nQui repellat et ut fuga. Ab optio qui eos molestiae aspernatur. Modi aut sit rem voluptatem quo ut praesentium hic. Aut dolore eaque voluptas sequi. Sunt explicabo ex ut sint nostrum quis.', 2, 33, '2016-12-22 03:54:46', '2020-07-15 02:24:45'),
(82, 'Aperiam similique quas fugit culpa et qui aut. Consequatur sit voluptas repellat autem. Eaque modi doloremque beatae qui magnam reiciendis. Aut quaerat consectetur ab nesciunt consequatur consectetur.\n\nAut numquam sit aut quia et assumenda libero. Quas est incidunt eum distinctio facilis nulla magnam. Quisquam fuga nemo dolorem sit nostrum at mollitia. Et enim enim fuga.\n\nAsperiores dolor eos et possimus ducimus. Enim et odit modi quae vitae harum. Voluptas ab qui assumenda quis ut quaerat.', NULL, 75, '2015-01-13 04:28:02', '2020-07-15 02:24:45'),
(83, 'Numquam facilis voluptates nostrum eligendi voluptates. Doloribus sit pariatur corrupti cupiditate qui. Quia ullam sunt neque explicabo laboriosam ullam. Quam rerum inventore aspernatur est debitis dolor.\n\nEst omnis est maiores sunt qui qui doloremque. Recusandae vero animi nesciunt ut repellat corporis. Non explicabo aspernatur est tenetur ad eveniet odit ea. Animi voluptatem voluptates temporibus laudantium in iure.\n\nDoloremque harum odit dolorem aut. Voluptate sunt vel qui asperiores. Id necessitatibus eius qui atque non quia. Aut ipsum vel accusantium laborum eos sequi et.', NULL, 78, '2019-11-24 20:57:45', '2020-07-15 02:24:45'),
(84, 'Ut iure cum rerum. Illum incidunt et debitis asperiores hic a nam sunt. Nam illum rerum eveniet quasi ut harum.\n\nSuscipit corrupti quia rerum alias pariatur qui deleniti hic. Nisi voluptate in necessitatibus eaque vero temporibus mollitia impedit. Assumenda id omnis ad veniam et.\n\nCum saepe excepturi ea quia quia. Necessitatibus aut officia culpa assumenda est eos hic. Odio laborum incidunt delectus omnis cumque similique dolorem exercitationem. Iste sed atque illum.', 7, NULL, '2016-09-06 17:50:15', '2020-07-15 02:24:45'),
(85, 'Velit omnis non culpa non. Quas et atque culpa. Molestiae non saepe dolores voluptate.\n\nBlanditiis quia aut nostrum accusamus qui earum quo. Harum non sit hic voluptate voluptatem voluptatem harum. Ullam earum qui a non. Saepe tenetur sit eligendi iste itaque molestias pariatur.\n\nEveniet et adipisci mollitia. Delectus autem nesciunt ducimus sequi. Perspiciatis quod delectus cum non.', NULL, NULL, '2018-11-26 04:13:04', '2020-07-15 02:24:45'),
(86, 'Non aut eaque eos. Dolores animi voluptas fuga asperiores nostrum occaecati laborum tenetur. Alias maxime veniam qui quo quisquam.\n\nCorporis possimus repudiandae numquam aperiam est. Non soluta reiciendis illum qui quibusdam dolore atque. Atque laudantium nesciunt ullam eos sequi nostrum consequatur.\n\nId molestias ratione qui qui. Et est numquam earum enim nobis.', 1, 52, '2018-05-30 03:43:31', '2020-07-15 02:24:45'),
(87, 'In eligendi cumque dolores non id consectetur. Quam eum voluptatibus modi laborum eum. Dolor vel iste consequatur ipsa voluptates est tenetur blanditiis. Aut officiis quam officiis possimus.\n\nVoluptatem explicabo qui quaerat aut maxime sunt unde sit. Veniam ut quisquam rem et magni dignissimos. Sint esse iste dolorem beatae sunt excepturi incidunt. Omnis magnam id est et.\n\nAtque asperiores quas adipisci aut perspiciatis totam. Praesentium enim et expedita rerum. Quia officiis ipsa quaerat doloremque aut quia. In suscipit inventore deleniti perspiciatis occaecati.', 2, NULL, '2018-03-13 01:11:44', '2020-07-15 02:24:45'),
(88, 'Neque aut vitae assumenda libero dolorem. Saepe perferendis qui mollitia.\n\nIllo qui cupiditate quia harum eligendi. Repellendus vel impedit velit aut ut suscipit. Sunt et quis adipisci ut est.\n\nAut est eos laudantium vel aut vitae blanditiis. Quia eius tempora molestias nesciunt aut. Voluptas fugit consequatur repellat rerum velit.', NULL, 21, '2018-11-14 02:21:01', '2020-07-15 02:24:45'),
(89, 'Voluptas ut consequuntur non esse aut voluptatem. Necessitatibus eaque ea natus.\n\nDeleniti tempora perspiciatis odio error consequatur dolores omnis. Iste dolore minima nesciunt harum sunt voluptatem culpa doloremque. Quo libero reprehenderit eligendi et ut illum iusto. Iure voluptatem nobis laboriosam iure voluptatibus maxime id.\n\nVoluptas reprehenderit ratione quis fugit quos unde quas. Earum libero delectus autem optio harum molestias maiores. Consequatur blanditiis qui tenetur ut aspernatur omnis assumenda.', 4, 59, '2018-04-14 05:52:54', '2020-07-15 02:24:45'),
(90, 'Et et sapiente omnis quos et non architecto. Similique et occaecati autem non placeat. Et omnis tenetur velit et.\n\nVoluptates dolor aliquam ut unde consequatur praesentium. Quia dolor culpa qui laboriosam similique voluptas. Unde quo quos autem et nemo nisi quos.\n\nEst ut recusandae aspernatur a. Delectus ea et veniam qui non voluptatibus. Amet unde enim eius aut ut aut voluptatem corporis.', 7, 24, '2016-03-16 06:27:58', '2020-07-15 02:24:45'),
(91, 'Est illo autem dolorum ratione consequatur recusandae. Facere et dolore nesciunt et ut. Quam qui perferendis eum et. Aut voluptatum atque tenetur ut nemo quia. Omnis beatae sit similique ullam est assumenda dolor.\n\nVoluptas sit sit quibusdam doloribus reprehenderit minima reprehenderit sapiente. In amet quis deserunt vel. Perspiciatis sed incidunt vel omnis amet quidem.\n\nDolorem et architecto voluptas voluptas culpa. Saepe nam quia debitis non consectetur qui. Tempora fugit iure et praesentium.', NULL, 26, '2015-05-19 02:47:29', '2020-07-15 02:24:45');
INSERT INTO `reviews` (`id`, `review`, `user_id`, `product_id`, `created_at`, `updated_at`) VALUES
(92, 'Cumque quod qui laboriosam quas vero nostrum repellendus. In repellat quo voluptatem. Vitae deleniti ut laudantium alias facere est aut.\n\nNisi maxime dolore rem nam non consequatur. Inventore hic culpa vero dolore. Atque architecto doloribus quo deserunt porro cupiditate aut. Sed est aliquam dolores vitae ab.\n\nVoluptatem quam velit ad itaque consequatur dignissimos magni. Nulla sed ratione quae. Fugit optio et expedita atque nemo. Consectetur sequi voluptatem esse ea sint.', NULL, NULL, '2017-02-18 04:49:58', '2020-07-15 02:24:45'),
(93, 'Qui maiores minus voluptas. Quibusdam error sapiente eligendi et consequatur sit eaque. Alias similique eveniet qui ut. Aut et harum aperiam enim quisquam voluptatem. Ut itaque consequatur impedit numquam aliquid nam atque magni.\n\nAmet totam animi cupiditate vitae delectus ea omnis a. Praesentium ab earum sit nisi vero.\n\nDolorem sed molestiae architecto. Asperiores blanditiis voluptatum nemo unde sed. Et odio recusandae nostrum non qui nemo amet.', NULL, NULL, '2017-11-03 07:42:05', '2020-07-15 02:24:45'),
(94, 'Quisquam aliquid veniam rerum magni sit eligendi odio. Et at dolor voluptate ratione.\n\nUt sapiente ut accusamus aut quis. Perspiciatis earum dignissimos quos non nihil. Rerum sunt vero quo unde. Porro et et modi perspiciatis.\n\nAut debitis reiciendis mollitia consequatur neque labore. Quae maiores voluptatem fugiat soluta quia blanditiis. Non nemo assumenda veniam mollitia.', 5, 9, '2019-08-01 11:44:14', '2020-07-15 02:24:45'),
(95, 'Dolorem dolores hic pariatur quas accusamus quis tempora. Soluta et qui quisquam optio accusamus. Est praesentium qui ea iure qui omnis expedita a. Ex quo itaque quas aliquam autem nostrum.\n\nPraesentium veniam laudantium tempora enim. Voluptatum perspiciatis occaecati molestiae error porro. Consequuntur eos eveniet aliquam consequatur.\n\nIn id voluptatem ut labore qui enim. Numquam inventore ea minima. Eos sapiente consequatur fugit reprehenderit. Voluptatum voluptatem iure placeat nam. Ab quidem et autem possimus cum et laudantium.', 7, NULL, '2018-01-28 19:44:16', '2020-07-15 02:24:45'),
(96, 'Asperiores modi blanditiis iure et atque voluptas sed. Exercitationem voluptatibus voluptas molestias placeat ab saepe officiis magni.\n\nMolestiae omnis debitis illum odit qui omnis. Eius expedita voluptatibus est sed maiores deleniti dolores laudantium. Doloremque quia voluptates atque odit enim dolor sint. Facere sapiente tenetur sit aspernatur velit officia iusto sequi. Quibusdam itaque temporibus sit rerum omnis et inventore officiis.\n\nAut neque quis ea quidem et voluptatibus qui. Cumque qui aut iste optio soluta dolores natus. Itaque in quia est tenetur id porro. Reprehenderit saepe nemo quia sed ea deleniti cupiditate.', NULL, NULL, '2019-05-14 15:42:08', '2020-07-15 02:24:45'),
(97, 'Architecto ratione sint eos quae. Modi explicabo nobis eaque rem sed nobis doloremque. Debitis aspernatur voluptatibus consequatur odio reiciendis dolorem.\n\nNesciunt et eos ipsa suscipit. Rerum tempore voluptates mollitia ut nihil reprehenderit ad.\n\nMinima itaque eum reprehenderit unde non. Dolores ut maiores sunt nulla dignissimos. Possimus autem tempore et ut illum quia. Tempore asperiores earum quo at nulla.', NULL, NULL, '2017-10-15 12:09:31', '2020-07-15 02:24:45'),
(98, 'Velit officiis non ut a minima. Quidem excepturi molestiae aut ut quidem dolores et. Et animi eos rem exercitationem saepe aut. Iste ex rerum neque rem quia.\n\nNon blanditiis ea possimus nisi velit blanditiis adipisci. Incidunt ullam id aut odio modi. Reiciendis porro minus vel veniam ab odio dolore.\n\nBeatae molestias voluptas non. Voluptate ab inventore eos optio vero quam ut. Porro qui dolores dignissimos magnam rerum et et rerum.', NULL, NULL, '2018-08-01 17:06:28', '2020-07-15 02:24:45'),
(99, 'Minus est quasi qui aut accusamus quibusdam ut deserunt. Qui sed rerum laborum quos dolore.\n\nNisi enim tempore at qui omnis expedita esse. Dolor sit repellendus autem fugiat atque et eligendi. Vero omnis ab deleniti aut quae officiis id.\n\nIn id eveniet et nihil qui amet. Et optio dolorem laborum suscipit. Sed numquam vel repellendus voluptatibus iste id assumenda dolor.', 9, 56, '2018-06-03 08:18:12', '2020-07-15 02:24:45'),
(100, 'Tenetur fugiat sed error sunt sint quas. Error odit quis eligendi sunt consequatur inventore velit eligendi. Impedit quo inventore provident aut cum.\n\nOptio enim dolorum et nam quas. Voluptates non soluta laborum quia laudantium qui. Impedit et aliquid officiis qui dolorem quae.\n\nAd magnam quaerat cupiditate eum voluptatem et consequuntur. Sed quis dignissimos non perspiciatis. Deserunt neque harum sapiente maiores praesentium et saepe vel.', NULL, NULL, '2015-01-18 20:32:57', '2020-07-15 02:24:45'),
(101, 'Voluptas perferendis laboriosam facere quo officia voluptas. Id sint vero nobis tempora esse dolorem magni cumque. Ex quas sit qui inventore. Aliquam animi illum delectus rem minima. Ducimus qui ut sed cupiditate in ab.\n\nDebitis qui velit explicabo quis. Adipisci in dolorum officia praesentium. Magni tempora officiis totam. Ipsam quis ex qui at molestias est est. Nihil officia voluptatum aut dolore reprehenderit tempora vel.\n\nSunt quasi cum reiciendis temporibus veritatis ducimus hic. Ab eos cum fuga quis. Dolores temporibus qui molestias voluptatem quo.', NULL, NULL, '2016-11-29 00:49:30', '2020-07-15 02:24:45'),
(102, 'Maiores et eum ipsa sit esse nemo. Rem numquam ut hic sint odio eum aspernatur. Fugit eos unde alias autem vero. Quia architecto sit sed molestias. Voluptatem quis suscipit qui at incidunt accusantium quae sed.\n\nEsse totam quia quod et non. Quibusdam sed repellat in ipsa temporibus. Et vitae deleniti id debitis.\n\nCumque esse deserunt vel autem. Voluptas ratione et voluptate libero consequuntur quos. Dignissimos et et velit veniam. Ullam reiciendis sapiente doloribus autem reiciendis mollitia.', NULL, NULL, '2016-05-24 21:29:47', '2020-07-15 02:24:45'),
(103, 'Aliquid nulla voluptate adipisci voluptas aperiam iure qui quia. Quia voluptatum et eligendi qui quia neque id. A sed nulla pariatur et fugiat. Accusantium et ex sit fugit eveniet qui.\n\nVoluptates hic voluptatum earum eaque rerum enim. Porro et cum ut nam quam eum et. Ducimus hic qui ea quo. Aperiam inventore maiores exercitationem vel aut autem maiores molestias.\n\nEt deserunt dolores quos inventore illo. Culpa magni maxime quibusdam porro rem eos magni eum.', NULL, 43, '2017-05-12 08:12:28', '2020-07-15 02:24:45'),
(104, 'Laudantium nostrum fugit magni eum eos totam. Asperiores aut laborum inventore omnis sunt. Et aut iusto omnis non illo qui illo hic. Et deleniti at et deserunt non voluptas ipsam.\n\nDistinctio suscipit at ipsam amet. Id sed non suscipit explicabo aliquam repellat ipsa. Labore voluptatem a quia delectus.\n\nRepellendus unde dolorem nihil nulla sapiente. Accusantium sunt voluptate dolores quia. Fugit voluptatem tempora natus enim ut. Totam earum asperiores omnis consequatur corrupti.', 2, NULL, '2018-12-08 19:34:43', '2020-07-15 02:24:45'),
(105, 'Placeat totam natus officiis animi nisi quis optio. Debitis quod reprehenderit autem quis aut perspiciatis sapiente. Assumenda quos dignissimos voluptatibus ipsam eum qui incidunt.\n\nLibero ut corrupti minima velit nobis. Amet eos dolores dignissimos ad molestiae dolor praesentium. Doloremque quam ipsum nihil deleniti quaerat omnis animi. Dignissimos autem quia voluptas adipisci sed voluptatum repudiandae eveniet. Beatae voluptas rem minima qui quia nihil enim corrupti.\n\nCorporis rerum ad cum sequi veniam. Nihil eos quae aspernatur nam repellat.', NULL, 86, '2018-08-26 12:55:30', '2020-07-15 02:24:45'),
(106, 'Molestiae consequatur natus labore quia aut unde. Non velit ducimus sint est omnis. Voluptatem eum non natus et excepturi. Sequi repudiandae quasi veritatis.\n\nEnim cum neque illo repudiandae vitae animi. Animi non natus quia dicta explicabo. Quis consequatur molestiae eligendi et quod nam.\n\nEt atque quis rerum aut similique commodi itaque. Eos ut qui et. Sit ratione eos quia voluptas dolores ex eveniet. Unde dignissimos possimus eos ipsam dolorem recusandae.', NULL, 32, '2015-10-25 07:42:23', '2020-07-15 02:24:45'),
(107, 'Ducimus reprehenderit minus esse est cumque ut vel et. Eos illo consequuntur earum vero architecto incidunt similique doloribus. Architecto labore saepe quasi quaerat voluptate occaecati.\n\nMolestias minus voluptas officiis reprehenderit. Aut sint sapiente hic dolores. Fugit illum mollitia minima est. Vitae illum temporibus eveniet laudantium.\n\nFacilis corporis dolorem rerum corrupti. Vel et ratione ut et aliquam voluptatem. Perspiciatis possimus natus est quis exercitationem et velit voluptatibus.', 8, NULL, '2015-04-18 13:56:32', '2020-07-15 02:24:45'),
(108, 'Sapiente minus omnis amet corporis dolores reiciendis ea. Animi id omnis rerum nulla laboriosam. Esse enim eum nihil in aut laborum.\n\nExpedita qui ut recusandae repellat ducimus quidem qui. Voluptates eaque dicta accusamus mollitia suscipit ut. Voluptas necessitatibus aut nam est ut repellat.\n\nIllum eum perferendis quisquam dolorem. Veniam accusantium qui architecto tenetur officiis minima. Voluptatem iure pariatur et harum.', NULL, 37, '2018-06-06 07:01:52', '2020-07-15 02:24:45'),
(109, 'Magni facere optio ut quia ratione. Sit porro magni enim nobis aut. Asperiores ducimus rerum laudantium distinctio labore sit. Praesentium praesentium laboriosam porro aliquid voluptatem voluptatem.\n\nNostrum rerum adipisci repudiandae ipsum qui. Quasi totam consectetur eaque illo unde quia magnam. Labore optio aut porro in sint. Sed illum culpa id eos molestiae libero iusto.\n\nArchitecto temporibus iste voluptatem id. Debitis eos laborum qui tempora quo dolores. Dolor officia tempore enim sed hic porro labore.', NULL, 23, '2018-07-29 16:45:13', '2020-07-15 02:24:45'),
(110, 'Laudantium fugiat harum dolorum maxime numquam. Animi minima velit ut accusantium et praesentium labore iste.\n\nItaque quia aut a commodi dolorem. Placeat itaque eos sequi nulla. Autem est enim asperiores sit tempore.\n\nConsectetur eaque magnam rerum aut natus doloremque quam. Et autem recusandae sapiente optio esse rerum voluptate aut. Ullam libero ipsum et voluptatem vel.', NULL, 90, '2017-03-08 12:12:17', '2020-07-15 02:24:45'),
(111, 'Aspernatur id adipisci quia est provident autem inventore. Cupiditate explicabo necessitatibus tempora sunt quasi molestias sit enim.\n\nQui totam quod aut sed et quasi. Aut rerum ut veniam sed dolor iusto enim. Sit nihil sunt est quis voluptatum ipsa ab quia. Facere quasi sunt fugiat sit.\n\nEos dolor explicabo atque ut doloribus ad corporis aut. Dolores et et quos est iure qui. Nemo rerum laboriosam saepe libero error corporis est esse.', 7, NULL, '2018-02-23 14:22:03', '2020-07-15 02:24:45'),
(112, 'Rem ullam qui ducimus eum excepturi ut velit. Et nihil et eius natus. Dolor aliquid illo sint ipsa temporibus ipsa nostrum.\n\nEt dolor et consequuntur sit. Hic rem et ut quae reiciendis pariatur. Suscipit ab aliquam minus sed vel reprehenderit. Unde unde blanditiis veritatis et ipsam quam. Sapiente aut ea expedita asperiores dolor quis tenetur expedita.\n\nItaque voluptas pariatur deserunt aut error. Reprehenderit autem quibusdam eaque in distinctio libero illum. Id consectetur facere expedita qui. Omnis non minus eos eius fugiat dolorem incidunt aspernatur.', 7, 100, '2015-10-22 09:50:53', '2020-07-15 02:24:45'),
(113, 'Accusamus aut doloribus doloremque corrupti. Id amet sed ut inventore autem consequatur. Dolorem itaque corporis nesciunt adipisci. Possimus qui odit iure magnam. Vero quia consectetur natus rem velit ut.\n\nAspernatur minus sit ab aliquam ea. Non ut ex quis dolorum est officiis. Delectus voluptatum adipisci est minima nisi. Consequatur blanditiis ipsa illum ducimus porro et eum.\n\nMaiores quos provident harum iste omnis. Nesciunt perspiciatis repellendus tempora nesciunt est. Veritatis blanditiis mollitia aut ipsam omnis. Nihil aut repudiandae sint sunt in.', 9, NULL, '2017-07-14 12:04:42', '2020-07-15 02:24:45'),
(114, 'Expedita minus iste aliquid in facere dolor voluptatem. Facere et voluptatibus fugiat. Quasi accusantium reiciendis repellat provident numquam molestiae. Eum voluptates est maiores neque.\n\nMagnam tempore est cum rerum est eaque recusandae laborum. Aut et earum libero recusandae et fugit ab quis. Itaque nesciunt aut optio reiciendis sit veritatis molestiae. Minima ab non totam enim. Quam quibusdam expedita assumenda esse in repellat.\n\nTenetur sunt doloribus dignissimos libero totam nulla dignissimos. Soluta aperiam velit odio eos blanditiis odit. Qui laboriosam facere nostrum.', NULL, 100, '2019-07-27 20:55:03', '2020-07-15 02:24:45'),
(115, 'Libero iure natus reprehenderit reiciendis est molestias. Esse ad nostrum sunt. Iste ut earum exercitationem vero iste. Soluta iure totam asperiores.\n\nRerum dolorem vel tenetur temporibus. Ducimus aut saepe iste qui qui possimus voluptas odit. Exercitationem suscipit optio ex aut quia magni et. Iusto ut adipisci officiis.\n\nQuis id ut et dolor eaque. Suscipit laborum sapiente velit repudiandae qui voluptatem placeat. Officia error velit aperiam aperiam. Laudantium ab consequuntur qui rerum voluptates.', NULL, NULL, '2018-04-21 10:20:32', '2020-07-15 02:24:45'),
(116, 'Sunt reiciendis dicta est. Ut vel voluptatem qui quaerat reprehenderit voluptatibus deserunt. Aliquid eos molestiae dolorum ut rerum.\n\nEa amet quibusdam officia doloribus minima reprehenderit amet. Praesentium corporis ut aut autem iste sit amet. Beatae provident et non qui. Occaecati ut rem voluptas quibusdam cupiditate vel. Qui alias est quaerat vitae.\n\nEt quis corrupti facere libero ipsum. Dolorum eos nihil quasi quos vero. Odit est delectus ipsum rerum itaque veritatis in.', 5, NULL, '2015-02-10 11:00:11', '2020-07-15 02:24:45'),
(117, 'Illo et provident quos. Labore omnis nisi odit neque laborum qui non. Dolorum quibusdam voluptatum vel vitae labore vel. Porro cumque non atque mollitia non dicta.\n\nEt doloremque in non voluptatum. Eum doloribus nesciunt et quia neque illum perspiciatis est. Eos aut quo voluptate eius placeat fuga.\n\nEst et quia saepe consequatur et. Labore neque distinctio excepturi. At alias vitae animi aliquam unde sapiente repudiandae.', 10, 63, '2015-06-20 02:08:21', '2020-07-15 02:24:45'),
(118, 'Ex aut aut voluptatum maiores sint qui. Quia et culpa quaerat dolor. Aut mollitia velit consequuntur perspiciatis nam aut amet.\n\nCorporis aliquid et autem facere esse sed voluptatem. Dolore pariatur qui non officiis. Voluptas cum sit veritatis aspernatur nihil quaerat blanditiis.\n\nAut et qui ipsam asperiores. Itaque modi accusamus consequatur saepe quia dolorem. Aperiam eligendi non voluptatem harum quis voluptatem. In ea sed quaerat enim voluptatibus repellendus iusto.', 10, NULL, '2018-12-12 11:52:19', '2020-07-15 02:24:45'),
(119, 'Dolor animi odit odit eos recusandae nemo. Iure veniam consectetur ipsam et sapiente sed et. Mollitia cupiditate et voluptatibus tempore iusto dolorem eum. Dicta possimus consequatur voluptas vitae tenetur qui eligendi.\n\nAut non ut adipisci delectus illo architecto. Sit quo doloribus quidem omnis aliquam in nisi. Rerum ipsum saepe molestias facilis. Pariatur dolor optio voluptatem quo expedita sunt placeat aut.\n\nNeque nisi sed maxime facere excepturi expedita velit. Eligendi nostrum voluptas nihil at. Sit consequatur voluptatem perferendis soluta explicabo pariatur id consequatur.', 3, 31, '2019-12-25 04:47:39', '2020-07-15 02:24:45'),
(120, 'Nulla enim sit enim voluptas. Et voluptatem eius expedita maxime eius quia labore. Hic non qui magnam ea omnis labore. Illum voluptatem pariatur magni aliquam nam sit eos occaecati.\n\nNisi dolorum et ut quo sed et magnam error. Minus qui nemo architecto ullam. Illum velit sed cum nostrum ut recusandae.\n\nImpedit minus et architecto rem. Qui at in ut perspiciatis ipsum in voluptatum aut. Culpa sapiente hic eligendi.', NULL, 21, '2019-06-29 22:55:16', '2020-07-15 02:24:45'),
(121, 'Iste libero voluptas iure doloribus consequuntur aut. Qui consequuntur aut repellendus ut dolore error placeat. Odio vero animi eligendi fugit vel tempora corporis nobis.\n\nEst illum nam totam deleniti ut. Aut sequi voluptates ratione in nisi nesciunt eligendi. Placeat amet praesentium mollitia nisi recusandae dolorem. Ab reiciendis voluptatem atque quo illo atque eos doloremque.\n\nBlanditiis quis aut ullam vel eligendi corrupti et voluptatibus. Reprehenderit et molestias praesentium quisquam voluptas. Rerum sequi et explicabo commodi necessitatibus numquam optio asperiores. Numquam maiores explicabo porro dolore iure. Omnis reprehenderit eum ad et debitis sunt qui.', NULL, NULL, '2016-06-28 02:11:49', '2020-07-15 02:24:45'),
(122, 'Laborum velit rerum enim aperiam eos reprehenderit iusto. Quis quaerat vitae necessitatibus fugit nesciunt repellat. Ex iste ut sed cumque dolor dignissimos aut. Eos tempora qui et adipisci nam natus nihil. Quia quis numquam occaecati dolor.\n\nMolestiae blanditiis praesentium recusandae illum omnis explicabo repellat. Atque quam quidem praesentium vero voluptatem nulla. Ut dolorem molestiae aut. Saepe qui at nobis est corrupti.\n\nCumque ut debitis nemo praesentium. Tempora ea inventore saepe ipsam perspiciatis tenetur. Voluptas quia iusto nulla labore quae exercitationem qui. Est eius exercitationem officia.', 3, 99, '2016-02-06 02:10:01', '2020-07-15 02:24:45'),
(123, 'Voluptatem sint officia voluptatum qui laboriosam temporibus. Qui omnis nemo dolorem. Perferendis sit asperiores autem voluptas fugiat.\n\nEst magnam voluptas accusantium officia. Asperiores facilis saepe dolorem mollitia dolor debitis perspiciatis. Enim vel et sed.\n\nVelit iusto impedit fugiat est quos eveniet. Ullam omnis sint corporis tempore. Accusamus nemo et occaecati. Sit reiciendis quos unde aut voluptas.', NULL, NULL, '2015-02-18 08:56:51', '2020-07-15 02:24:45'),
(124, 'Et minus quia et aut autem quis sint. Voluptatem eos et dignissimos modi quas ipsum ea. Et et eaque quibusdam cupiditate sequi soluta sed. Enim est quis repudiandae cumque.\n\nFuga laudantium expedita iusto sint modi illum. Dolor qui maiores consequatur sapiente qui vitae enim eligendi. Numquam maiores suscipit ullam.\n\nHarum rerum similique recusandae vero. Labore veniam eveniet omnis accusantium error. Ipsum magnam et consequatur eos reiciendis voluptatem.', NULL, 15, '2016-03-03 20:25:18', '2020-07-15 02:24:45'),
(125, 'Animi nemo doloremque est consequatur eligendi aliquam voluptas cumque. Quaerat ab expedita omnis saepe at magnam. Quia excepturi est enim iure voluptatum et. Deleniti maiores voluptate alias accusamus aut nemo.\n\nEos aut sit tempora quibusdam velit veritatis temporibus. Ullam ipsam ut odio enim. Reprehenderit optio consequatur ut ut occaecati occaecati dolorum. Tempora assumenda tenetur expedita enim beatae quae. Error assumenda autem voluptatem suscipit sed aliquam quo pariatur.\n\nVoluptates aut et neque placeat quia temporibus. Et est asperiores delectus adipisci et aliquam. Id exercitationem et quis.', 10, 56, '2015-08-12 06:32:24', '2020-07-15 02:24:45'),
(126, 'Placeat autem vel dolores nulla. Commodi quibusdam corporis qui sint exercitationem eum. Omnis earum aliquid voluptas quidem ut. Impedit et tempora a et.\n\nCum sunt omnis quo eos. Quod nam earum et consequatur. Et officiis nisi at et tenetur qui consequuntur.\n\nEarum sit animi dolorum delectus iusto iusto velit. Vitae cum rem quo veritatis molestias aspernatur fugit. A consequatur quo ex omnis. Neque sed illum pariatur vero.', NULL, 76, '2019-02-19 17:48:53', '2020-07-15 02:24:45'),
(127, 'Deleniti ratione at et et atque et est. Aliquid voluptas non molestiae accusantium. Vel eos odio ea voluptatem accusamus minus autem.\n\nAutem aut quam a amet nihil aut. Excepturi suscipit suscipit quo ratione est similique. Tempore ut perferendis ipsam assumenda. Et voluptas ullam assumenda aut ut enim.\n\nEt dolore non quae error provident ut dolorem. Nulla in dolores impedit accusamus. Est recusandae est sequi aut atque eaque voluptas. Distinctio quo excepturi esse rerum eveniet ipsum sed voluptas.', 6, NULL, '2017-11-10 09:30:13', '2020-07-15 02:24:45'),
(128, 'Omnis alias neque dignissimos illum quia animi. Sunt tempore doloremque voluptas nobis recusandae. Ducimus autem labore omnis qui. Eius qui modi ut quod.\n\nSequi suscipit ut enim occaecati sapiente. Quae non voluptas qui ratione suscipit aspernatur sint. Maiores dolorum nemo at numquam culpa quod magnam.\n\nQuae nihil eum quas omnis sed tenetur nobis quas. Dolorem accusantium animi ullam consequatur voluptate culpa est. Earum officia minima animi minus enim. Et rerum eos molestiae ut.', 5, 68, '2017-11-27 18:46:39', '2020-07-15 02:24:45'),
(129, 'Ut voluptatem est vel. Eum deserunt id odit ut. Et eos dolore ut officia voluptatum.\n\nQuia exercitationem et vel. Laboriosam voluptates recusandae dolor animi. Provident sapiente minus architecto assumenda. Ea cumque sed nihil est dolores corrupti.\n\nDoloribus velit id architecto recusandae doloremque autem. Cum molestiae dolores qui. Qui provident laboriosam ut odio et sit. Esse sed iusto numquam quo sapiente sit.', 8, 56, '2019-07-29 10:24:49', '2020-07-15 02:24:45'),
(130, 'Quia fugit ab totam officiis sapiente voluptatem iste. Quia nostrum quo enim culpa est ea et. Rerum ab magnam et debitis et voluptas velit.\n\nAut eum consequatur ratione facere consequatur doloremque non. Sed amet unde voluptas et ex optio. Mollitia blanditiis et dolores neque officiis amet. Molestiae ipsum adipisci deleniti placeat doloremque voluptatem voluptas.\n\nSaepe delectus animi omnis. Eveniet rem accusantium nam fugiat sit. Aut voluptatem numquam eum at consequatur aut.', 6, 36, '2016-04-23 10:49:59', '2020-07-15 02:24:45'),
(131, 'Non aspernatur facere accusamus repudiandae maxime. Laboriosam odio ratione perspiciatis porro praesentium id deleniti. Qui maxime tempore aut qui inventore. Quidem ex ratione est omnis consequatur autem quas.\n\nQuos labore quae deserunt asperiores necessitatibus dignissimos deserunt. Dolores ipsam culpa id est cum. Possimus rerum nihil commodi omnis voluptas fugiat quia. Laborum saepe sequi perferendis est accusamus nihil voluptatem vel.\n\nQuia eos voluptates itaque nostrum. Eum odio provident temporibus rerum consequuntur quaerat omnis. Vitae velit illo voluptas eum velit ex aliquid. Autem asperiores nihil necessitatibus est voluptate.', 6, 29, '2019-06-24 09:54:37', '2020-07-15 02:24:45'),
(132, 'Blanditiis nesciunt provident repellendus eos cupiditate ipsa inventore repudiandae. Magnam rerum ut quo qui.\n\nAperiam libero minus ducimus quae enim. Et provident cupiditate eum quibusdam. Consequatur animi voluptas occaecati. Possimus et itaque aliquid laboriosam.\n\nQuia perferendis illo consequatur laboriosam eum veritatis. Officia nisi nihil delectus. Rerum autem et suscipit in.', NULL, NULL, '2015-12-02 18:10:10', '2020-07-15 02:24:45'),
(133, 'Et fugiat qui cum hic nobis eum. Maiores ipsum ut totam quae sequi odio reprehenderit. Ex sit culpa sed. Animi magni nulla iste commodi distinctio.\n\nQuo qui inventore molestias porro doloribus numquam inventore. Hic aliquid aspernatur et. Ut eveniet cupiditate enim temporibus quod.\n\nModi eveniet doloremque est possimus et. Qui natus corporis et sed beatae eos. Repudiandae porro omnis beatae nobis vitae. Aut animi et voluptatem molestias ratione ut.', 8, 2, '2017-09-08 02:44:18', '2020-07-15 02:24:45'),
(134, 'Ratione doloribus facere soluta fugiat qui. Nulla iusto molestias corrupti sapiente aut sed inventore. A omnis aliquid et eos sit consequatur eos. Officiis rerum omnis voluptas sunt exercitationem.\n\nFacilis et quas culpa debitis eum provident iusto. Quo molestiae dolor quidem molestiae laborum aut. Qui eius adipisci assumenda aut corporis.\n\nRepudiandae ab nam tempore iusto. Reprehenderit in at nihil quod commodi quos. Expedita praesentium ea aut blanditiis eveniet assumenda ut.', NULL, NULL, '2015-05-02 19:38:00', '2020-07-15 02:24:45'),
(135, 'Expedita alias non et fugiat voluptatem ut eum. Et occaecati saepe accusamus dolore ipsam. Odit ut nisi et et.\n\nRatione quia facere occaecati repellendus nihil rerum dolore numquam. Vero harum at laboriosam at assumenda aut. Aperiam et beatae aperiam et quos.\n\nAutem soluta tempore earum sit omnis. Nam voluptatem autem architecto rem veniam et rem.', 10, NULL, '2018-08-07 01:27:16', '2020-07-15 02:24:45'),
(136, 'Harum dolor quia accusantium est aut omnis quam. Id consectetur ex molestiae. Libero sit dolor quasi autem dolorem nihil quas. Nesciunt ut qui est modi ea aut mollitia alias.\n\nExpedita non voluptatem deleniti libero incidunt. Ab est ab est. Voluptatum est nesciunt velit consequuntur quia. Nemo voluptatum sed ipsum voluptatem est debitis est. Animi sapiente voluptas vel nisi quaerat ab.\n\nVoluptas dolorem voluptas assumenda eos a qui. Eum expedita natus voluptatem dolores maiores hic. Dolor et reiciendis nemo aperiam et. Ullam quasi eligendi architecto quae.', NULL, NULL, '2015-12-26 12:44:14', '2020-07-15 02:24:45'),
(137, 'Molestiae id eos quo. Quae blanditiis est porro voluptatibus saepe vitae magnam. Consectetur animi hic amet necessitatibus quod doloribus. Adipisci est porro voluptatem quod quos nihil.\n\nUllam voluptatem illum necessitatibus neque. Voluptatem at aut consectetur. Dolores cum sint quam et nulla cum sunt.\n\nExcepturi dicta quibusdam optio dolorem voluptatem velit quia. Magni voluptatibus fugit non nihil corporis distinctio ipsa. Qui nesciunt ab perferendis et aliquid.', NULL, NULL, '2019-07-27 07:57:32', '2020-07-15 02:24:45'),
(138, 'Aliquid et quasi voluptates fugiat. Et laboriosam officiis sint sit ad omnis quod voluptatem. Veritatis non omnis soluta nesciunt enim qui nisi.\n\nAliquam accusamus unde voluptates alias enim. Dolor qui voluptas commodi non. Enim quod a ipsam aliquam eaque assumenda alias molestiae. Fuga molestias ut et quos qui non architecto.\n\nQuo molestiae odio et facilis. Reiciendis at repellendus autem et vel. Veritatis in sed quia assumenda suscipit delectus unde quam.', NULL, 89, '2017-06-22 00:20:10', '2020-07-15 02:24:45'),
(139, 'Quas dolorem ducimus at sed quo quos est. Dolor fugit saepe hic sed debitis. Repellendus quia voluptatem minus earum omnis accusamus at. Ducimus sint praesentium quia suscipit dolorem vero.\n\nSequi quis nulla sit enim. Nulla officia praesentium provident aperiam et ipsa.\n\nVitae iusto magni illum nesciunt harum ullam. Consequatur sunt ab vitae modi. Tenetur voluptate nam quisquam voluptatibus. Esse excepturi necessitatibus est esse qui assumenda rerum.', NULL, 41, '2016-07-15 02:05:43', '2020-07-15 02:24:45'),
(140, 'Itaque error qui delectus ratione consequuntur nulla. Hic vitae nulla voluptas ea. Illo non modi accusamus.\n\nA in dolorem libero exercitationem adipisci. Harum aut iure minima inventore qui architecto. Qui itaque rerum ea hic veniam. Temporibus quaerat sed esse.\n\nExpedita quaerat et nihil. Ab sapiente soluta voluptas omnis voluptate. Incidunt est molestiae minima ex aut sequi. Quidem debitis facilis eligendi consectetur quae natus.', 1, NULL, '2017-04-10 02:07:27', '2020-07-15 02:24:45'),
(141, 'Dolores quaerat ex quidem porro nobis excepturi fuga. Quo quam sit delectus at. Inventore omnis voluptatibus delectus ipsa deserunt error.\n\nEarum qui est enim dolorem omnis et. Voluptatem dolor corporis doloremque quia. Itaque ex voluptatem sed incidunt voluptatibus autem.\n\nRerum quia quo consequatur quas quasi sint blanditiis. Aut sunt et nulla. Id corrupti occaecati alias adipisci.', 1, NULL, '2016-11-23 06:47:04', '2020-07-15 02:24:45'),
(142, 'Nihil voluptas et officia dolor nulla sint quos. Consequatur est nemo adipisci dolorum et totam iusto. Esse possimus consequatur velit excepturi perferendis.\n\nEt ducimus sint qui natus dolorem reiciendis ex. Sed praesentium dolores ea. Animi aut voluptatem est ullam.\n\nEa dicta provident eos ea iste et. Repudiandae voluptatem velit vitae dolorem.', 5, 94, '2019-09-30 19:40:00', '2020-07-15 02:24:45'),
(143, 'Officia ut voluptas et velit. Ut eligendi odio qui accusamus cumque doloremque minus autem. Saepe omnis debitis cumque exercitationem.\n\nMolestiae fugiat voluptate et itaque. A natus voluptatem saepe voluptas. Corporis corporis iusto explicabo necessitatibus sed occaecati. Corrupti et magnam molestiae vero labore.\n\nSapiente provident expedita amet optio ea. Optio beatae aut voluptatem eos. Rerum sit quibusdam perferendis.', 6, 41, '2016-03-24 09:32:30', '2020-07-15 02:24:45'),
(144, 'Reprehenderit et sint eum vel ea est quasi. Blanditiis sed porro ut ex doloremque temporibus nihil fugiat. Quos est dignissimos consequatur cupiditate. Quas id vel exercitationem quo.\n\nSint beatae quia ea explicabo blanditiis est. Corporis nemo voluptas magnam at inventore sint quae est. Odio laborum iure ut magni.\n\nEt fugiat quis sunt veniam qui. Iusto nam molestias dolores omnis quis debitis.', 7, 2, '2016-10-01 07:21:23', '2020-07-15 02:24:45'),
(145, 'Odit consequatur et voluptatibus iure qui qui iure. Eius eum nobis omnis eaque corporis.\n\nEligendi esse vel ut. Autem ut in labore qui. Non qui maiores dolores et natus. Sunt molestiae eveniet illum numquam.\n\nArchitecto debitis quia fugiat non. Non exercitationem molestias numquam alias. Enim voluptas officia excepturi consequuntur aliquam doloremque vitae at. Harum eligendi et eos voluptas quam aliquam. Fugiat quae et et vero.', NULL, NULL, '2019-01-18 23:00:06', '2020-07-15 02:24:45'),
(146, 'Blanditiis ut qui totam voluptatem eius. Saepe sed aut laudantium ut. Eligendi earum quia maiores consequatur.\n\nMolestiae beatae asperiores praesentium laborum ut error. A reiciendis numquam debitis accusamus placeat aliquam. Qui libero fugiat accusamus quas est iure reprehenderit et.\n\nQui accusantium fuga architecto et quis nulla eum. Repellendus recusandae beatae iure. Hic ut omnis tenetur sunt eius. Aliquid dolorem mollitia facere consequatur recusandae deserunt.', NULL, 1, '2018-09-11 03:35:32', '2020-07-15 02:24:45'),
(147, 'Veritatis tempore exercitationem ullam nobis sint omnis quae. Temporibus voluptatem velit soluta debitis dolor. Odit voluptatem officiis mollitia ipsam vitae.\n\nQuas hic ipsum officiis saepe enim magnam enim. Repellat quas ut inventore perferendis. Reprehenderit ut omnis repudiandae eius mollitia rerum voluptates nihil.\n\nSit dolorem vel dolores ea. Quas possimus excepturi et itaque quis. Dolorem ipsum earum voluptatem. Dolorem totam exercitationem culpa sint. Minus veniam sunt eos quasi.', NULL, NULL, '2019-12-15 16:28:29', '2020-07-15 02:24:45'),
(148, 'Et dolorem beatae a nihil ut molestiae expedita. Rerum doloremque consequatur rerum at perferendis dignissimos. Modi vel ducimus quos quibusdam culpa temporibus et repellendus.\n\nMollitia rem at ut vel dolorum harum ut. Corporis facere labore unde quos est hic voluptatem. In impedit eaque fuga assumenda exercitationem corporis hic.\n\nQuia qui architecto veritatis ratione dolor cupiditate. Maiores occaecati ut ut aut aut. Et laudantium quia libero qui.', 6, NULL, '2015-07-11 11:52:51', '2020-07-15 02:24:45'),
(149, 'Aut similique consequatur necessitatibus consequatur sed sunt. Sapiente impedit aut ut. Voluptatem fugit iure voluptas vel vitae deserunt possimus. Non et laudantium sed odit fugiat.\n\nUt laboriosam id ut impedit. Praesentium quis minus est aut repellendus sit dolorem. Sunt laborum illo similique consequatur culpa. Corrupti ut possimus et sed sapiente ut.\n\nVoluptate minus perspiciatis recusandae voluptas nihil delectus explicabo. Nobis deserunt quia tempore neque atque et sunt. Sint maxime amet ducimus. Sequi et non id non sunt consequatur.', 7, NULL, '2017-11-19 18:01:42', '2020-07-15 02:24:45'),
(150, 'Ut ullam sit eos odit voluptas numquam beatae. Vero minima modi porro quae enim quo quia. Suscipit totam dolorem ut quasi autem fugit. Et quo reprehenderit odit ab ab eius tempore quis.\n\nDolorum enim facere minus dolore praesentium beatae minima. Voluptatibus ipsum architecto minus sit explicabo ea qui beatae. Velit beatae ut nisi aut voluptatum ex neque.\n\nHic ullam fuga ut dignissimos id corrupti. Voluptatem sequi quia omnis dicta quisquam consequatur maiores. Sequi amet autem placeat neque sit.', NULL, NULL, '2018-03-16 16:23:55', '2020-07-15 02:24:45'),
(151, 'Dolores officia molestiae ut ducimus molestiae nemo. Sunt totam omnis porro quam. Iure harum odio magnam et. Molestias qui accusamus animi corrupti numquam hic.\n\nOfficia nostrum et reprehenderit non. Ipsa vero consequatur aut omnis quod hic consequuntur. Sequi est ut harum dolorum.\n\nSit blanditiis doloribus ut dolor necessitatibus. Blanditiis necessitatibus ut reiciendis cum asperiores. Sed unde numquam debitis exercitationem quaerat sint rerum. Accusantium est culpa et occaecati.', 7, 41, '2019-03-17 10:21:34', '2020-07-15 02:24:45'),
(152, 'Quos debitis quaerat facilis facilis commodi. Possimus quaerat omnis quae harum quis at. Sunt eum sit quia voluptas et sapiente tenetur tempore. Voluptatem nam eum inventore et consequatur temporibus repudiandae.\n\nEst quam qui esse debitis debitis minima et. Sequi iure recusandae ut omnis. Sit reprehenderit ut deleniti deserunt culpa ut.\n\nRerum voluptates hic quisquam odio vel illum non. Amet voluptatum eos et sit. A rerum voluptates voluptatibus officia.', NULL, 84, '2015-05-16 19:29:23', '2020-07-15 02:24:45'),
(153, 'Voluptas dignissimos est accusantium culpa ipsam debitis sunt. Tempore maxime beatae assumenda veniam totam est ipsa nulla. Est aliquam totam quo quam ut.\n\nConsequuntur dolor ducimus eum. Porro at error quos deleniti qui ut assumenda ullam. Necessitatibus repellat quidem aut iste qui quisquam. Quam incidunt nam et.\n\nIpsum dolorum explicabo ullam sunt rerum. Voluptas magni minima nulla eos ut accusamus quae. Quas eaque laborum reprehenderit dolor nam.', NULL, NULL, '2017-09-12 22:01:26', '2020-07-15 02:24:45'),
(154, 'Repudiandae perspiciatis architecto molestias assumenda ipsum. Amet provident perspiciatis tempore beatae. Magni itaque qui distinctio provident omnis ut. Voluptatem culpa ducimus fugit velit dolores.\n\nQuibusdam est cupiditate aut. Id modi aut deleniti et cum. Voluptas dolorem harum nulla. Consequatur debitis quia aut. Aut distinctio qui recusandae ipsam.\n\nExpedita itaque rem mollitia dignissimos et omnis. Quod commodi quia quisquam aut aut ducimus repellat.', NULL, NULL, '2016-11-14 19:42:58', '2020-07-15 02:24:45'),
(155, 'Qui porro voluptas sed magni et ut. Et eum quia suscipit praesentium consequatur. Consequatur molestiae impedit veniam nulla qui voluptatem odit. Consequatur necessitatibus iusto iste natus deleniti aut.\n\nUt sint velit porro. Sed vitae et ratione omnis natus quis dignissimos provident. Laboriosam modi explicabo dolor molestias distinctio quas.\n\nDolorem dolores inventore et maxime. Placeat ratione omnis possimus rem repellendus fuga quibusdam. Culpa natus autem rerum sint voluptatem.', NULL, 27, '2015-01-03 21:53:03', '2020-07-15 02:24:45'),
(156, 'Cum ratione laudantium tempore iure voluptatum assumenda omnis. Voluptatem facere nostrum dolore eius voluptas. Nulla sit est neque unde et deleniti consequatur. Aspernatur dolor at facilis.\n\nIure voluptas ad et et culpa. Sapiente distinctio est perspiciatis rerum maxime modi. Amet voluptatibus quis corporis deserunt. Sit deleniti eum ullam asperiores.\n\nRepellendus recusandae et a qui. Neque aperiam officiis temporibus quia. Qui aut magni voluptatibus sint quam similique voluptatem.', 6, 70, '2015-04-17 03:22:30', '2020-07-15 02:24:45'),
(157, 'Est quod ea vel quidem. Consequatur non cupiditate ipsa. Ullam error numquam eaque aliquid quibusdam.\n\nIure quibusdam exercitationem ipsa aut voluptas modi. Velit est nulla voluptas ipsam itaque sit.\n\nSed natus repudiandae est quas recusandae autem. Ut nihil enim rerum omnis consectetur quo quidem. Impedit esse ut soluta est. Voluptate suscipit voluptates consequatur omnis quia commodi quo.', 4, NULL, '2015-02-14 03:08:53', '2020-07-15 02:24:45'),
(158, 'Et dolor esse eaque ut voluptate. Omnis unde dolorem est debitis. Ut autem quia rerum. Perspiciatis ut sit nostrum aliquid repellendus.\n\nTotam et aliquam praesentium nostrum itaque dolores. Placeat quis doloribus sint quo ab.\n\nSunt quaerat explicabo vel sed dolor. Quae eos aut et. Sunt voluptas reprehenderit et deleniti. Voluptatem et voluptas repudiandae ab. Ut ducimus laboriosam ea ut temporibus dolorem quasi.', NULL, NULL, '2015-09-09 15:40:37', '2020-07-15 02:24:45'),
(159, 'Est nihil repudiandae ut aliquid officia iste. Consequuntur enim ratione sequi rerum deserunt. Qui quia labore non sequi officiis qui. Consectetur totam fugiat beatae expedita aliquam qui. Voluptas nulla impedit recusandae omnis dolorem impedit voluptatem ducimus.\n\nCulpa earum repellendus nostrum quibusdam veniam saepe blanditiis aut. Expedita voluptatem sint excepturi. Possimus eius mollitia necessitatibus et. Laudantium voluptatum facere nihil aut ut.\n\nEsse nihil neque nisi quae est inventore. Unde sint adipisci reprehenderit. Rerum iste exercitationem temporibus sed rerum quia similique quia. Animi odit numquam quibusdam quae ex animi deleniti deserunt.', 3, 56, '2017-04-25 12:03:06', '2020-07-15 02:24:45'),
(160, 'Consequuntur ut asperiores voluptatibus et quam dolores. Atque nam veritatis molestias voluptas natus quis facilis. Explicabo optio illo qui hic. Veniam commodi facilis illo quis ea et inventore qui.\n\nEt fuga esse ratione repudiandae. Placeat ducimus itaque excepturi repellat placeat.\n\nNemo et ratione quis at distinctio id. Ipsum nobis neque eos.', NULL, NULL, '2016-11-21 11:21:05', '2020-07-15 02:24:45'),
(161, 'Et quaerat error nesciunt sed quidem. Minus eos eos maiores et. Incidunt qui itaque illo. Ratione voluptas odio et voluptas nobis qui quaerat.\n\nIure aut totam asperiores rerum. Aut similique vel atque voluptas.\n\nDelectus eius nemo quia. Ab et neque fugit iusto consequatur voluptas soluta voluptatem.', 4, 89, '2018-04-30 19:05:06', '2020-07-15 02:24:45'),
(162, 'Odit et ut consequatur repellat sequi nam eveniet. Qui deserunt iure odit. Ipsa assumenda cupiditate consequatur exercitationem vitae sint illum.\n\nEt necessitatibus corrupti aut. Reiciendis rem enim et asperiores error totam. Reiciendis officia aut iste sapiente modi et quae rerum.\n\nSimilique vel maxime dolor consequatur corporis. Rem unde repellendus laborum est dicta repellendus. Quod voluptate et a.', NULL, 35, '2015-11-19 11:01:33', '2020-07-15 02:24:45'),
(163, 'Voluptatibus qui dolorem minus. Fuga odit quia aliquam doloremque.\n\nMolestiae deleniti libero neque reiciendis vel et. Accusamus impedit mollitia rem at a molestiae dolor. Recusandae et repellendus qui illo nihil quas ratione. Numquam qui et adipisci doloribus autem.\n\nInventore quia in eaque aut. Libero consequuntur veritatis unde neque explicabo. Facilis officiis maxime et. Dolor deleniti sit harum quam autem.', 1, 67, '2016-10-22 09:32:46', '2020-07-15 02:24:45'),
(164, 'Voluptatem rem non qui qui ut. In qui dolorem aut inventore. Qui culpa dicta sunt eveniet facilis repudiandae.\n\nArchitecto occaecati similique consectetur tempora et tempore. Hic non eum sunt praesentium. Accusamus dolores quia alias est qui corporis.\n\nNesciunt debitis ex qui occaecati deleniti tenetur aliquam. Ducimus similique ut dolore molestias reprehenderit velit sunt. Molestiae molestiae aut nesciunt id. Eum culpa fugit architecto quia.', NULL, 20, '2018-07-02 17:23:03', '2020-07-15 02:24:45'),
(165, 'Illo velit sunt consequuntur architecto reprehenderit in. Praesentium ducimus aut quo consectetur quam. Esse expedita aut minima accusamus assumenda eum. Tempora quo enim alias aliquid accusantium autem. Optio ea sed quas illum repellat perspiciatis ut.\n\nAccusantium eum autem quo maiores. Explicabo nobis nesciunt ut qui reiciendis dolores. Quas ea recusandae vitae error mollitia odit nihil ducimus.\n\nVoluptatem aliquam animi magnam. Recusandae praesentium reprehenderit et distinctio et eum magnam deleniti. Et voluptas aut quis dolor amet. Et repellat et dolorum.', 9, 20, '2017-03-02 01:18:31', '2020-07-15 02:24:45'),
(166, 'Illum dicta et hic dolorem blanditiis. Fugiat atque ea impedit atque minima aut repellat neque. Velit voluptatem sequi dolor. Eligendi exercitationem iusto rerum qui ut. Officia est dolorem qui in molestiae quos.\n\nNatus et recusandae ut voluptas quaerat. Consequatur nobis eaque eligendi voluptas aut. Maiores cupiditate error illum veniam quos nesciunt est. Culpa accusamus quaerat aut sed error saepe.\n\nEarum et dolorem blanditiis eius quaerat iure aut. Aspernatur aliquid cumque sapiente asperiores ipsum aliquam enim doloribus.', NULL, NULL, '2019-04-01 22:43:13', '2020-07-15 02:24:45'),
(167, 'Ipsa fugiat expedita magnam. Maxime ut at iste quos. Quod ad reiciendis veniam libero architecto voluptas.\n\nConsequatur ut commodi voluptatem quas et ab sit. Delectus qui asperiores ratione iusto et. Eligendi iste sint sequi eaque. Occaecati ipsa maiores voluptatem asperiores similique ex ut.\n\nItaque cupiditate neque placeat deserunt magnam. Ut qui quas rerum molestiae dolores consectetur. Magni dolor voluptatem a eveniet ea illum quo.', NULL, 37, '2015-01-09 19:51:19', '2020-07-15 02:24:45'),
(168, 'Voluptate quo rerum molestias est aut architecto quae. Praesentium doloribus provident aut.\n\nEius et nihil sit itaque veniam. Aliquam voluptatem tempora autem sed sapiente. Sunt non quia itaque omnis et repellat.\n\nDoloremque recusandae odit voluptatibus rerum dolor assumenda. Nobis eos rerum quia a sit sunt.', 5, 23, '2016-08-10 19:20:26', '2020-07-15 02:24:45'),
(169, 'Magni dolores sint odit cupiditate mollitia dolor necessitatibus. Eius at cumque vero provident asperiores. Dolores eos et commodi aperiam est.\n\nAut vel aut occaecati dicta aut voluptatem et. Ea fugiat eum sunt inventore itaque atque. Officiis suscipit est non maxime alias totam. Quam tenetur tenetur aliquid a illo molestiae.\n\nEa ab aut voluptatem quisquam voluptatem. Autem doloremque porro dolorem. Qui in voluptatem quibusdam numquam optio dolor. Maiores qui velit atque ut fugiat.', NULL, 100, '2015-06-17 23:43:35', '2020-07-15 02:24:45'),
(170, 'At suscipit ullam natus nam qui repudiandae id. Harum quia cumque sequi eveniet autem ut perferendis. Aut molestiae aut hic occaecati non.\n\nOfficiis non at eius rerum voluptate aliquid temporibus. Eaque necessitatibus non numquam non magnam vel assumenda commodi. Nulla hic inventore ducimus.\n\nIncidunt qui velit amet et est neque. Ratione voluptatem itaque alias dolores ducimus possimus voluptatem. Temporibus deleniti autem tempora est nemo illo quidem sed. Enim autem voluptas nihil quis dolor id.', 4, NULL, '2018-08-15 04:55:59', '2020-07-15 02:24:45'),
(171, 'Praesentium sit in pariatur aut iusto vel aspernatur nesciunt. Itaque necessitatibus sit sed aut quia est. Similique officiis in quam iusto.\n\nEt pariatur iste et commodi fugiat. Qui quia ullam voluptas debitis aliquid est.\n\nEsse eos illo accusamus voluptates iure error. Voluptatem placeat enim atque temporibus. Aut ex optio asperiores est at maxime quisquam. Minus perspiciatis iusto debitis sunt.', NULL, NULL, '2017-08-10 11:24:50', '2020-07-15 02:24:45'),
(172, 'Velit modi voluptatibus maiores vero et sapiente asperiores. Aliquid commodi fugiat doloremque id consequuntur tenetur. Quos amet et animi sit. Aut totam optio alias in.\n\nCommodi nam eaque consequatur officiis sunt. Debitis reiciendis at mollitia laborum nihil. Sunt facilis consequuntur labore sint est dolore atque voluptas. Quia qui repellendus labore impedit laborum ut commodi rerum.\n\nIusto ea molestiae et fuga qui molestiae qui. Laborum odio praesentium quaerat consequuntur voluptas. Natus vel voluptas inventore voluptatem recusandae. Accusamus illo in dolores ut enim id numquam voluptatem.', NULL, 85, '2017-05-03 23:41:51', '2020-07-15 02:24:45'),
(173, 'Maiores voluptatem nemo nihil illo. Et ut adipisci magni modi laborum earum. Voluptates explicabo non dolorem in qui vero non. Neque est blanditiis provident totam ratione ratione.\n\nNemo est architecto sed molestiae possimus hic molestias in. Est aliquid est deleniti est sed voluptatem. Quis ut quasi soluta et accusamus.\n\nConsequatur similique sed quia voluptas maxime omnis et et. Autem aut facere minima omnis. Officiis sit modi fugit sed quibusdam sit et.', 6, NULL, '2015-07-19 22:03:39', '2020-07-15 02:24:45'),
(174, 'Minus est voluptates quae eaque. Magni consequatur sequi provident eos in molestiae. Eos mollitia voluptas provident praesentium asperiores voluptates. Qui a cumque qui sit eos nisi tenetur.\n\nUnde enim odit iure voluptates aspernatur voluptatum qui. Consectetur molestias ut nam est praesentium iste earum. Consequatur ratione a ea beatae.\n\nReiciendis vitae alias incidunt sint assumenda qui. Libero ea optio minima qui. Inventore numquam dolorem sint optio.', 5, NULL, '2018-09-06 18:41:21', '2020-07-15 02:24:45'),
(175, 'Eum sed et qui reiciendis est. Assumenda eos atque et et voluptatem et fuga voluptatum. Libero voluptatibus necessitatibus rerum tempora eveniet optio. Aut ipsa possimus quis consequatur.\n\nOmnis totam consequatur qui id eligendi nobis. Tempora facere repellat sint mollitia. Praesentium quaerat fuga nostrum doloribus perferendis corrupti.\n\nOmnis possimus facilis cumque quisquam et. Ut quod commodi omnis libero itaque. Possimus quaerat nam architecto nobis provident debitis.', 7, NULL, '2017-05-20 16:15:18', '2020-07-15 02:24:45'),
(176, 'Nesciunt quae dicta inventore. Maiores excepturi totam quam asperiores possimus iste sed. Eos qui doloribus totam ad omnis recusandae ipsam. Libero eaque voluptatem similique et qui.\n\nQuasi quidem quia aut ut culpa expedita est. Eum expedita nemo nostrum voluptatem earum. Dolores eum itaque qui id. Voluptas accusantium maiores recusandae et voluptas et. Dignissimos tempora voluptate hic necessitatibus molestiae hic praesentium enim.\n\nSit quia tempora aut. Et itaque sequi ullam quis dolorum consequatur placeat. Velit quasi autem nobis odio eligendi ducimus eaque dicta.', 8, 69, '2017-09-16 21:07:48', '2020-07-15 02:24:45'),
(177, 'Vel deleniti qui dolor est provident aut aperiam. Numquam ipsam impedit rerum harum voluptatem esse facilis. Autem ullam laboriosam quo dolorum est explicabo ab. Dolores officia earum maxime et.\n\nAtque sed non dolorem rerum quasi reprehenderit quaerat atque. Voluptatum delectus expedita illo. Aut natus non consectetur est quia dolorem. Voluptatem aut fugit illo quo qui deleniti voluptas tempora.\n\nEt dolores iusto iste illum nulla fugit et consequatur. Fugit aliquid sapiente dolorum.', 6, NULL, '2017-06-19 22:59:30', '2020-07-15 02:24:45'),
(178, 'Ullam earum qui possimus sint sit nulla enim eligendi. Magni voluptatem saepe non quis ea ipsa. Iure natus esse alias. Sit reprehenderit aut eius.\n\nEt sunt necessitatibus omnis fugiat. Nulla qui alias facere id quisquam. Reiciendis et sequi sequi recusandae.\n\nVoluptas voluptatem ex qui. Quibusdam asperiores voluptate officia et in et reiciendis. Cum commodi excepturi rerum.', 5, 87, '2017-03-22 05:48:01', '2020-07-15 02:24:45'),
(179, 'Qui aut sed provident ducimus quia fugiat quos rem. Dicta vero asperiores quibusdam a voluptatem. Ex vitae et aut tenetur voluptatum commodi alias. Quidem vel suscipit eum similique saepe.\n\nEos cumque suscipit sed est alias voluptatem maiores. Id asperiores at praesentium minima eius commodi ab iste. Laborum ipsa autem aut quasi. Eos enim voluptatem voluptatem vel.\n\nNecessitatibus quia corporis enim ut eos. Omnis quo quaerat vel. Ratione nostrum enim qui nihil voluptates harum quae quos.', 8, NULL, '2019-10-26 13:47:02', '2020-07-15 02:24:45'),
(180, 'Eos illo illo nihil sed quod. Est rerum perspiciatis ab. Quos libero animi aspernatur quidem asperiores.\n\nEt quo voluptates molestias sapiente sed. Doloremque quod nemo tenetur excepturi nostrum. Explicabo blanditiis est placeat incidunt.\n\nLaboriosam quibusdam in quas. Inventore modi vel dolores sed consectetur ullam qui. Non incidunt sit blanditiis alias adipisci et corporis voluptatibus.', 2, 78, '2018-07-13 12:58:16', '2020-07-15 02:24:45'),
(181, 'hi there', NULL, 1, '2020-07-23 16:39:49', '2020-07-23 16:39:49'),
(182, 'hggggggghhh', NULL, 1, '2020-07-23 16:46:15', '2020-07-23 16:46:15'),
(183, 'yoyo comment', NULL, 1, '2020-07-23 17:44:44', '2020-07-23 17:44:44'),
(184, 'Hello . 1 comment', NULL, 11, '2020-07-23 18:24:37', '2020-07-23 18:24:37'),
(185, 'Hello. 2 comment', NULL, 11, '2020-07-23 18:24:52', '2020-07-23 18:24:52'),
(186, 'ff', NULL, 11, '2020-07-23 18:28:15', '2020-07-23 18:28:15'),
(187, 'Some comment here', 11, 2, '2020-07-26 08:35:36', '2020-07-26 08:35:36'),
(188, 'New comment here !', 11, 3, '2020-07-26 16:33:22', '2020-07-26 16:33:22');

-- --------------------------------------------------------

--
-- Структура таблицы `someones`
--

CREATE TABLE `someones` (
  `id` bigint(20) UNSIGNED NOT NULL,
  `created_at` timestamp NULL DEFAULT NULL,
  `updated_at` timestamp NULL DEFAULT NULL
) ENGINE=InnoDB DEFAULT CHARSET=utf8mb4 COLLATE=utf8mb4_unicode_ci;

-- --------------------------------------------------------

--
-- Структура таблицы `users`
--

CREATE TABLE `users` (
  `id` bigint(20) UNSIGNED NOT NULL,
  `name` varchar(255) COLLATE utf8mb4_unicode_ci NOT NULL,
  `email` varchar(255) COLLATE utf8mb4_unicode_ci NOT NULL,
  `email_verified_at` timestamp NULL DEFAULT NULL,
  `password` varchar(255) COLLATE utf8mb4_unicode_ci NOT NULL,
  `remember_token` varchar(100) COLLATE utf8mb4_unicode_ci DEFAULT NULL,
  `created_at` timestamp NULL DEFAULT NULL,
  `updated_at` timestamp NULL DEFAULT NULL,
  `role` varchar(255) COLLATE utf8mb4_unicode_ci DEFAULT NULL
) ENGINE=InnoDB DEFAULT CHARSET=utf8mb4 COLLATE=utf8mb4_unicode_ci;

--
-- Дамп данных таблицы `users`
--

INSERT INTO `users` (`id`, `name`, `email`, `email_verified_at`, `password`, `remember_token`, `created_at`, `updated_at`, `role`) VALUES
(1, 'Monique Emmerich', 'hward@example.net', '2020-07-14 08:12:21', '$2y$10$92IXUNpkjO0rOQ5byMi.Ye4oKoEa3Ro9llC/.og/at2.uheWG/igi', '2Zg8EIw0PC', '2020-07-14 08:12:21', '2020-07-14 08:12:21', NULL),
(2, 'Prof. Frank Hermiston', 'cleveland59@example.org', '2020-07-14 08:12:21', '$2y$10$92IXUNpkjO0rOQ5byMi.Ye4oKoEa3Ro9llC/.og/at2.uheWG/igi', 'hVGRDUmeqT', '2020-07-14 08:12:21', '2020-07-14 08:12:21', NULL),
(3, 'Dr. Alphonso Steuber', 'fyost@example.com', '2020-07-14 08:12:21', '$2y$10$92IXUNpkjO0rOQ5byMi.Ye4oKoEa3Ro9llC/.og/at2.uheWG/igi', '9YJZpFL5EH', '2020-07-14 08:12:21', '2020-07-14 08:12:21', NULL),
(4, 'Curtis Heaney', 'alejandrin26@example.net', '2020-07-14 08:12:21', '$2y$10$92IXUNpkjO0rOQ5byMi.Ye4oKoEa3Ro9llC/.og/at2.uheWG/igi', '6o7TkJxzls', '2020-07-14 08:12:21', '2020-07-14 08:12:21', NULL),
(5, 'Naomi Mueller DVM', 'baron24@example.org', '2020-07-14 08:12:21', '$2y$10$92IXUNpkjO0rOQ5byMi.Ye4oKoEa3Ro9llC/.og/at2.uheWG/igi', 'lIsjfgllbf', '2020-07-14 08:12:21', '2020-07-14 08:12:21', NULL),
(6, 'Adeline Johnston', 'senger.holly@example.org', '2020-07-14 08:12:21', '$2y$10$92IXUNpkjO0rOQ5byMi.Ye4oKoEa3Ro9llC/.og/at2.uheWG/igi', 'wB44VOB3jt', '2020-07-14 08:12:21', '2020-07-14 08:12:21', NULL),
(7, 'Donnell Dach IV', 'fisher.josephine@example.org', '2020-07-14 08:12:21', '$2y$10$92IXUNpkjO0rOQ5byMi.Ye4oKoEa3Ro9llC/.og/at2.uheWG/igi', 'AvOSEeMUvF', '2020-07-14 08:12:21', '2020-07-14 08:12:21', NULL),
(8, 'Alyson Boehm I', 'farrell.daniella@example.org', '2020-07-14 08:12:21', '$2y$10$92IXUNpkjO0rOQ5byMi.Ye4oKoEa3Ro9llC/.og/at2.uheWG/igi', 'eq2GANpon7', '2020-07-14 08:12:21', '2020-07-14 08:12:21', NULL),
(9, 'Prof. Clay Feest', 'larkin.rozella@example.net', '2020-07-14 08:12:21', '$2y$10$92IXUNpkjO0rOQ5byMi.Ye4oKoEa3Ro9llC/.og/at2.uheWG/igi', 'BPVLas23s9', '2020-07-14 08:12:21', '2020-07-14 08:12:21', NULL),
(10, 'Prof. Ahmed Schoen', 'ksporer@example.net', '2020-07-14 08:12:21', '$2y$10$92IXUNpkjO0rOQ5byMi.Ye4oKoEa3Ro9llC/.og/at2.uheWG/igi', 'ApTnSRcKbo', '2020-07-14 08:12:21', '2020-07-14 08:12:21', NULL),
(11, 'Vasya', 'tt@tt.com', NULL, '$2y$10$T8y5QqvgzhiFGT0Qx87o4uNRehtdhD9khHtEyRY.su.ONWEgqy9D6', NULL, '2020-07-23 16:13:53', '2020-07-23 16:13:53', 'admin'),
(13, 'Petya', 'rr@rr.com', NULL, '$2y$10$l2BGb3JG0miMreQbiLp0TOIt8b3mV4ysledRv8WlslgCky6U0nW3.', NULL, '2020-08-05 04:52:54', '2020-08-05 04:52:54', NULL);

-- --------------------------------------------------------

--
-- Структура таблицы `votes`
--

CREATE TABLE `votes` (
  `id` bigint(20) UNSIGNED NOT NULL,
  `product_id` bigint(20) UNSIGNED DEFAULT NULL,
  `created_at` timestamp NULL DEFAULT NULL,
  `updated_at` timestamp NULL DEFAULT NULL
) ENGINE=InnoDB DEFAULT CHARSET=utf8mb4 COLLATE=utf8mb4_unicode_ci;

--
-- Индексы сохранённых таблиц
--

--
-- Индексы таблицы `categories`
--
ALTER TABLE `categories`
  ADD PRIMARY KEY (`id`);

--
-- Индексы таблицы `failed_jobs`
--
ALTER TABLE `failed_jobs`
  ADD PRIMARY KEY (`id`);

--
-- Индексы таблицы `migrations`
--
ALTER TABLE `migrations`
  ADD PRIMARY KEY (`id`);

--
-- Индексы таблицы `password_resets`
--
ALTER TABLE `password_resets`
  ADD KEY `password_resets_email_index` (`email`);

--
-- Индексы таблицы `products`
--
ALTER TABLE `products`
  ADD PRIMARY KEY (`id`),
  ADD KEY `products_category_id_foreign` (`category_id`);

--
-- Индексы таблицы `reviews`
--
ALTER TABLE `reviews`
  ADD PRIMARY KEY (`id`),
  ADD KEY `reviews_user_id_foreign` (`user_id`),
  ADD KEY `reviews_product_id_foreign` (`product_id`);

--
-- Индексы таблицы `someones`
--
ALTER TABLE `someones`
  ADD PRIMARY KEY (`id`);

--
-- Индексы таблицы `users`
--
ALTER TABLE `users`
  ADD PRIMARY KEY (`id`),
  ADD UNIQUE KEY `users_email_unique` (`email`);

--
-- Индексы таблицы `votes`
--
ALTER TABLE `votes`
  ADD PRIMARY KEY (`id`);

--
-- AUTO_INCREMENT для сохранённых таблиц
--

--
-- AUTO_INCREMENT для таблицы `categories`
--
ALTER TABLE `categories`
  MODIFY `id` bigint(20) UNSIGNED NOT NULL AUTO_INCREMENT, AUTO_INCREMENT=6;

--
-- AUTO_INCREMENT для таблицы `failed_jobs`
--
ALTER TABLE `failed_jobs`
  MODIFY `id` bigint(20) UNSIGNED NOT NULL AUTO_INCREMENT;

--
-- AUTO_INCREMENT для таблицы `migrations`
--
ALTER TABLE `migrations`
  MODIFY `id` int(10) UNSIGNED NOT NULL AUTO_INCREMENT, AUTO_INCREMENT=71;

--
-- AUTO_INCREMENT для таблицы `products`
--
ALTER TABLE `products`
  MODIFY `id` bigint(20) UNSIGNED NOT NULL AUTO_INCREMENT, AUTO_INCREMENT=101;

--
-- AUTO_INCREMENT для таблицы `reviews`
--
ALTER TABLE `reviews`
  MODIFY `id` bigint(20) UNSIGNED NOT NULL AUTO_INCREMENT, AUTO_INCREMENT=189;

--
-- AUTO_INCREMENT для таблицы `someones`
--
ALTER TABLE `someones`
  MODIFY `id` bigint(20) UNSIGNED NOT NULL AUTO_INCREMENT;

--
-- AUTO_INCREMENT для таблицы `users`
--
ALTER TABLE `users`
  MODIFY `id` bigint(20) UNSIGNED NOT NULL AUTO_INCREMENT, AUTO_INCREMENT=14;

--
-- AUTO_INCREMENT для таблицы `votes`
--
ALTER TABLE `votes`
  MODIFY `id` bigint(20) UNSIGNED NOT NULL AUTO_INCREMENT;

--
-- Ограничения внешнего ключа сохраненных таблиц
--

--
-- Ограничения внешнего ключа таблицы `products`
--
ALTER TABLE `products`
  ADD CONSTRAINT `products_category_id_foreign` FOREIGN KEY (`category_id`) REFERENCES `categories` (`id`) ON DELETE SET NULL;

--
-- Ограничения внешнего ключа таблицы `reviews`
--
ALTER TABLE `reviews`
  ADD CONSTRAINT `reviews_product_id_foreign` FOREIGN KEY (`product_id`) REFERENCES `products` (`id`) ON DELETE SET NULL,
  ADD CONSTRAINT `reviews_user_id_foreign` FOREIGN KEY (`user_id`) REFERENCES `users` (`id`) ON DELETE SET NULL;
COMMIT;

/*!40101 SET CHARACTER_SET_CLIENT=@OLD_CHARACTER_SET_CLIENT */;
/*!40101 SET CHARACTER_SET_RESULTS=@OLD_CHARACTER_SET_RESULTS */;
/*!40101 SET COLLATION_CONNECTION=@OLD_COLLATION_CONNECTION */;
